Name,Occupation,Title,Date,Price,Printer,Colophon,Notes
Aldous Huxley,Author,Contrapunto,1933-01-01,ARM 5.00,,,
D. H. Lawrence,Author,Canguro,1933-01-01,ARM 8.00,,,"""Un vol. de 556 páginas, 16 pesetas. $ 8 m/n"" ; ""Concesionaria exclusiva para la venta: ESPASA-CALPE, S. A."""
Federico García Lorca,Author,Romancero gitano,1933-01-01,,,,
D. H. Lawrence,Author,La virgen y el gitano,1934-01-01,ARM 2.50,,,
Victoria Ocampo,Author,Supremacía del Alma y de la Sangre,1935-01-01,ARM 1.00,Imprenta de Galo Saéz,"""Imp. de Galo Saéz / Mesón de Paños, 6 / Tel. 1194 / Madrid""","""Printed in Spain - 2 pesetas"" ; ""Conferencia pronunciada en la Unione Intellettuale de Florencia y en el Aula Magna del Ateneo Veneto de Venecia, el mes de septiembre de 1934, a invitación del Instituto Interuniversitario Fascista di Coltura y la Direzione Generale degli Italiani all'Estero"""
Eduardo Mallea,Author,Conocimiento y expresión de la Argentina,1935-01-01,ARM 1.00,Imprenta de Galo Saéz,"""Imp. de Galo Saéz / Mesón de Paños, 6 / Tel. 1194 / Madrid""","""Printed in Spain - 2 pesetas"" ; ""Conferencia pronunciada en el Palacio Giustiniani, de Roma, el 12 de septiembre de 1934, y repetida en Milán el día 18, bajo los auspicios del Instituto Interuniversitario italiano"""
Francisco Luis Bernárdez,Author,El buque,1935-01-01,ARM 2.00,Imprenta López,"""Se acabó de imprimir a mediados de Octubre de mil novecientos treinta y cinco, en la Imprenta López, Calle Perú 666, Buenos Aires""",
Louis Ferdinand Celine,Author,Mea culpa. Seguido de la vida y la obra de Semmelweis,1935-01-01,,,,
Eduardo Mallea,Author,Nocturno Europeo,1935-01-01,ARM 2.50,,,
Igor Strawinksy,Author,Crónicas de mi vida,1935-01-01,ARM 2.50,,,"""Con una carta prólogo de Victoria Ocampo y un retrato de Picasso"""
Leopoldo Marechal,Author,Laberinto de amor,1936-01-01,ARM 2.00,Imprenta López,"""Se acabó de imprimir a principios de marzo de mil novecientos treinta y seis, en la Imprenta López, Calle Preú 666, Buenos Aires""",
Carlos Alberto Erro,Author,Tiempo lacerado,1936-01-01,ARM 2.50,,,
Victoria Ocampo,Author,Domingos en Hyde Park,1936-01-01,ARM 2.00,,,
Ramón Fernández,Author,André Gide y nuestro tiempo,1936-01-01,ARM 2.00,,,"""Concesionario exlcusiva para la venta en Europa y las tres Américas: León Sánchez Cuesta, Mayor 4 - Madrid, En Argentina: 'SUR', Viamonte 548, Buenos Aires"" ; 5 pesetas (España) ; ""Los textos reunidos aquí han sido publicados por el Boletín de 'L'Union pour la verité' abril-mayo de 1935, año 42, número 7-8"""
André Gide,Author,André Gide y nuestro tiempo,1936-01-01,ARM 2.00,,,"""Concesionario exlcusiva para la venta en Europa y las tres Américas: León Sánchez Cuesta, Mayor 4 - Madrid, En Argentina: 'SUR', Viamonte 548, Buenos Aires"" ; 5 pesetas (España) ; ""Los textos reunidos aquí han sido publicados por el Boletín de 'L'Union pour la verité' abril-mayo de 1935, año 42, número 7-8"""
René Gillouin,Author,André Gide y nuestro tiempo,1936-01-01,ARM 2.00,,,"""Concesionario exlcusiva para la venta en Europa y las tres Américas: León Sánchez Cuesta, Mayor 4 - Madrid, En Argentina: 'SUR', Viamonte 548, Buenos Aires"" ; 5 pesetas (España) ; ""Los textos reunidos aquí han sido publicados por el Boletín de 'L'Union pour la verité' abril-mayo de 1935, año 42, número 7-8"""
Jean Cuéhenno,Author,André Gide y nuestro tiempo,1936-01-01,ARM 2.00,,,"""Concesionario exlcusiva para la venta en Europa y las tres Américas: León Sánchez Cuesta, Mayor 4 - Madrid, En Argentina: 'SUR', Viamonte 548, Buenos Aires"" ; 5 pesetas (España) ; ""Los textos reunidos aquí han sido publicados por el Boletín de 'L'Union pour la verité' abril-mayo de 1935, año 42, número 7-8"""
Daniel Halévy,Author,André Gide y nuestro tiempo,1936-01-01,ARM 2.00,,,"""Concesionario exlcusiva para la venta en Europa y las tres Américas: León Sánchez Cuesta, Mayor 4 - Madrid, En Argentina: 'SUR', Viamonte 548, Buenos Aires"" ; 5 pesetas (España) ; ""Los textos reunidos aquí han sido publicados por el Boletín de 'L'Union pour la verité' abril-mayo de 1935, año 42, número 7-8"""
Gabriel Marcel,Author,André Gide y nuestro tiempo,1936-01-01,ARM 2.00,,,"""Concesionario exlcusiva para la venta en Europa y las tres Américas: León Sánchez Cuesta, Mayor 4 - Madrid, En Argentina: 'SUR', Viamonte 548, Buenos Aires"" ; 5 pesetas (España) ; ""Los textos reunidos aquí han sido publicados por el Boletín de 'L'Union pour la verité' abril-mayo de 1935, año 42, número 7-8"""
Jacques Maritain,Author,André Gide y nuestro tiempo,1936-01-01,ARM 2.00,,,"""Concesionario exlcusiva para la venta en Europa y las tres Américas: León Sánchez Cuesta, Mayor 4 - Madrid, En Argentina: 'SUR', Viamonte 548, Buenos Aires"" ; 5 pesetas (España) ; ""Los textos reunidos aquí han sido publicados por el Boletín de 'L'Union pour la verité' abril-mayo de 1935, año 42, número 7-8"""
Henri Massis,Author,André Gide y nuestro tiempo,1936-01-01,ARM 2.00,,,"""Concesionario exlcusiva para la venta en Europa y las tres Américas: León Sánchez Cuesta, Mayor 4 - Madrid, En Argentina: 'SUR', Viamonte 548, Buenos Aires"" ; 5 pesetas (España) ; ""Los textos reunidos aquí han sido publicados por el Boletín de 'L'Union pour la verité' abril-mayo de 1935, año 42, número 7-8"""
Thierry Maulnier,Author,André Gide y nuestro tiempo,1936-01-01,ARM 2.00,,,"""Concesionario exlcusiva para la venta en Europa y las tres Américas: León Sánchez Cuesta, Mayor 4 - Madrid, En Argentina: 'SUR', Viamonte 548, Buenos Aires"" ; 5 pesetas (España) ; ""Los textos reunidos aquí han sido publicados por el Boletín de 'L'Union pour la verité' abril-mayo de 1935, año 42, número 7-8"""
François Mauriac,Author,André Gide y nuestro tiempo,1936-01-01,ARM 2.00,,,"""Concesionario exlcusiva para la venta en Europa y las tres Américas: León Sánchez Cuesta, Mayor 4 - Madrid, En Argentina: 'SUR', Viamonte 548, Buenos Aires"" ; 5 pesetas (España) ; ""Los textos reunidos aquí han sido publicados por el Boletín de 'L'Union pour la verité' abril-mayo de 1935, año 42, número 7-8"""
Georges Guy-Grand,Author,André Gide y nuestro tiempo,1936-01-01,ARM 2.00,,,"""Concesionario exlcusiva para la venta en Europa y las tres Américas: León Sánchez Cuesta, Mayor 4 - Madrid, En Argentina: 'SUR', Viamonte 548, Buenos Aires"" ; 5 pesetas (España) ; ""Los textos reunidos aquí han sido publicados por el Boletín de 'L'Union pour la verité' abril-mayo de 1935, año 42, número 7-8"""
André Gide,Author,Regreso de la URSS,1936-01-01,ARM 1.00,Imprenta López,"""Se acabó de imprimir este libro para la editorial 'SUR', en su primera traducción española directa del francés, legítimamente autorizada, el día diez y siete del mes de diciembre de mil novecientos treinta y seis, en la imprenta lópez, calle perú 666, Buenos Aires""",
C. G. Jung,Author,Tipos psicológicos,1936-01-01,ARM 6.00,Imprenta López,"""Se acabó de imprimir este libro para la Editorial Sur, en su primera traducción española directamente del alemán, en la primera quincena del mes de marzo del mil novecientos treinta y seis, en la Imprenta López, Calle Perú 666, Buenos Aires""",
André Malraux,Author,La condición humana,1936-01-01,ARM 2.50,,,
Eduardo Mallea,Author,La ciudad junto al río inmóvil,1936-01-01,ARM 3.00,Imprenta López,"""Este libro se acabó de imprimir en junio de 1936, en los talleres de la imprenta lópez, calle perú 666, Buenos Aires""","dustjacket designed by Attilio Rossi ; ""Concesionario exlcusiva para la venta en Europa y las tres Américas: León Sánchez Cuesta, Mayor 4 - Madrid, En Argentina: 'SUR', Viamonte 548, Buenos Aires"" ; 7.50 pesetas (España)"
Jacques Maritain,Author,Carta sobre la independencia,1936-01-01,ARM 0.40,,,
Igor Strawinksy,Author,Nuevas crónicas de mi vida,1936-01-01,ARM 2.50,,,
Virginia Woolf,Author,Un cuarto propio,1936-01-01,ARM 2.00,,,
Victoria Ocampo,Author,La mujer y su Expresión,1936-01-01,ARM 1.50,,,
Aldous Huxley,Author,¿Cómo lo resuelve Ud.? El problema de la paz constructiva,1936-01-01,ARM 0.20,Imprenta López,"""De esta obra se acabó de imprimir en la segunda quincena del mes de noviembre de mil novecientos treinta y seis, en la Imprenta López, Calle Perú 666, Buenos Aires""","""Adhesión de SUR a la conferencia interamericana de consolidación de la paz reunida en Buenos Aires"""
André Gide,Author,Perséphone,1936-01-01,GRATIS,Imprenta López,"""Esta edición gratuita de 'Perséphone' en homenaje a Igor Strawinsky, se terminó de imprimir en la Imprenta López, Perú 666, enl a primera quincena del mes de mayo de 1936""","""Publicación gratuita de la revista SUR en homenaje a Igor Strawinsky"""
Ramón Gómez de la Serna,Author,El cólera azul,1937-01-01,ARM 2.50,Imprenta López,"""Se acabó de imprimir este libro, para la editorial SUR, el veinte y siete de noviembre de mil novecientos treinta y siete, en la Imprenta López, Calle Perú 666, Buenos Aires""",
Alfonso Reyes,Author,Las vísperas de España,1937-01-01,ARM 2.50,Imprenta López,"""Se acabó de imprimir este libro para la editorial SUR, el día siete de octubre de mil novecientos treinta y siete, en la Imprenta López calle Perú 666, Buenos Aires""",
Gregorio Marañón,Author,Vida e historia (ensayos),1937-01-01,ARM 1.70,Imprenta López,"""Se acabó de imprimir este libro, para la editorial SUR, el veinte de noveimbre de mil novecientos treinta y siete, en la Imprenta López, Calle Perú 666, Buenos Aires""","""Advertencia Preliminar del Autor: SUR es la única Editorial autorizada para publicar en todo América los ensayos que forman el presente volumen. Toda otra edición de los mismos, en parte o completos, solos o en unión de otros ensayos míos, debe considerarse fraudulenta; y, desde luego, incompleta, ya que sus textos sólo pueden proceder de las referencias, más o menos compendiadas, que publicaron los diarios cuando algunos de dichos ensayos fueron pronunciados en forma de conferencias. Una vez más protesto de que pueden serguir cometiéndose impunemente esta violaciones al derecho de propiedad más sagrado que es el intelectual y, sobre todo, que se produzcan sin la sanción inmediata de la ley y de la conciencia pública - G. Marañón, París, Julio, 1935"""
Conrado Nalé Roxlo,Author,Claro desvelo,1937-01-01,ARM 2.00,Imprenta López,"""Se acabó de imprimir este libro, para la editorial SUR, el día veinte y siete de diciembre de mil novecientos treinta y siete, en la Imprenta Mercatali, Calle Acoyte 271, Buenos Aires""",
André Gide,Author,Retoques a mi regreso de la U. R. S. S.,1937-01-01,ARM 0.60,,,
Aldous Huxley,Author,Con los Esclavos en la Noria,1937-01-01,ARM 4.50,Imprenta López,"""Se acabó de imprimir este libro, para la editorial SUR, en su primera y única traducción española autorizada por el autor, directamente del inglés, el día veinte de mayo de mil novecientos treinta y siete, en la Imprenta López, Calle Perú 666, Buenos Aires""",
Virginia Woolf,Author,Orlando,1937-01-01,ARM 2.50,Imprenta López,"""Se acabó de imprimir este libro, para la editorial SUR, en su primera y única traducción española autorizada por la autora, directamente del inglés, el día treinta de junio de mil novecientos treinta y siete, en la Imprenta López, Calle Perú 666, Buenos Aires""",
James Joyce,Author,Desterrados,1937-01-01,ARM 2.50,,,"certain copies say ""Ptas. 12"" on the back cover"
Jacques Maritain,Author,Sobre la guerra santa,1937-01-01,ARM 0.80,,,
Silvina Ocampo,Author,Viaje olvidado,1937-01-01,ARM 2.00,,,
Eduardo Mallea,Author,Historia de una pasión argentina,1937-01-01,ARM 2.80,,,
Francisco Luis Bernárdez,Author,Cielo de tierra,1937-01-01,ARM 2.00,,,
Carlos Alberto Erro,Author,Diálogo existencial,1937-01-01,,,,
Emile Gouirán,Author,Prolegómenos de una filosofía de la existencia,1937-01-01,ARM 1.50,,,
Victoria Ocampo,Author,"Virginia Woolf, Orlando y Cía",1937-01-01, $1.50,Imprenta López,"""Se acabó de imprimir este libro, para la editorial SUR, a los ocho días de enero de mil novecientos treinta y ocho, en la imprenta lópez, calle Perú 666, Buenos Aires""","""Conferencia pronunciada en 'Amigos del Arte' de Buenos Aires el 7 de Julio de 1937"""
Julio Irazusta,Author,Actores y espectadores,1937-01-01,ARM 2.50,,,
Eduardo González Lanuza,Author,La degollación de los inocente,1938-01-01,ARM 2.00,Imprenta Mercatali,"""se acabó de imprimir este libro para las ediciones SUR, el día veinte y siete de octubre de mil novecientos treinta y ocho, en la Imprenta Mercatali, Calle Acoyte 271, Buenos Aires""",
Luis Emilio Soto,Author,Crítica y estimación,1938-01-01,,Compañía Impresora Argentina,"""Acabóse de imprimir este libro, para la Editorial SUR, a los ocho días del mes de diciembre de mil novecientos treinta y ocoho, en los talleres de la Compañía Impresora Argentina, S. A., Calle Alsina, 2049, Buenos Aires""",
Xavier Villaurrutia,Author,Nostalgia de la muerte,1938-01-01,ARM 2.00,Imprenta Mercatali,"""Se acabó de imprimir este libro, para la Editorial SUR, el día veinte y uno de febrero de mil novecientos treinta y ocho, en la Imprenta Mercatali, Calle Acoyte 271, Buenos Aires""",
Robert Aron,Author,Napoleón venció en Waterloo,1938-01-01,,,,
Francisco Luis Bernárdez,Author,La ciudad sin Laura,1938-01-01,ARM 1.50,,,
María Luisa Bombal,Author,La amortajada,1938-01-01,ARM 2.00,,,
Emily Brontë,Author,Cumbres borrascosas,1938-01-01,,,,
A. S. Eddington,Author,La naturaleza del mundo físico,1938-01-01,ARM 5.00,,,
Ramón Fernández,Author,¿Es humano el hombre?,1938-01-01,ARM 2.50,Imprenta Mercatali,"""Se acabó de imprimir este libro, para la Editorial Sur, en su primera y única traducción española autorizada por el autor, directamente del francés, el día doce de febrero de mil novecientos treinta y ocho, en la imprenta mercatali, calle acoyte 271, Buenos Aires""",
Alain Fournier,Author,El gran Meaulnes,1938-01-01,ARM 3.00,,,
Virginia Woolf,Author,Al faro,1938-01-01,,Imprenta López,"""Se acabó de imprimir este libro, para la Editorial Sur, en su primera y única traducción española autorizada por la autora, directamente del francés, el día nueve de augusto de mil novecientos treinta y ocho, en la imprenta lópez, calle perú 666, Buenos Aires""",
Pierre-Henri Simon,Author,"Los católicos, la política y el dinero",1938-01-01,ARM 2.50,,,"""Distribuidores exclusivos Emecé Editores, S. A."""
Thomas Mann,Author,Advertencia a Europa,1938-01-01,ARM 1.20,,,
Gabriela Mistral,Author,Tala,1938-01-01,ARM 4.00,,,
Jacques Maritain,Author,Los judíos entre las naciones,1938-01-01,ARM 0.60,,,
Victoria Ocampo,Author,Emily Brontë (Tierra incognita),1938-01-01,ARM 1.00,,,
León Chestov,Author,Las revelaciones de la muerte,1939-01-01,ARM 2.50,,,
Oliverio Girondo,Author,Interlunio,1939-01-01,,Francisco A. Colombo,"""Bajo la dirección artística y el cuidad inmediato del autor, se han impreso de este libro doscientos veinte ejemaplres, cuyas características se especifican a continuación: catorce ejemplares numerados de I a XIV, sobre papel 'Fabriano', con once aguafuertes, grabadas y tiradas por Lino Spilimbergo, y una serie de éstas, firmadas por el artista, impresas con tinta color azul oscuro, sobre papel especial para aguafuertes, fabricado por Carl Schleicher y Schüll, Düren. Cuatro ejemplares idénticos a los anteriores, fuera de comercio; tres de los cuales llevan la firma del autor, y el otro, destinado a éste, una carpeta adjunta con los dibujos originales del artista y un estuche con las once planchas de cobre utilizadas en la tirada y que no volverán a emplearse en ninguna otra. Veintiún ejemplares numeraods de XV a XXXV, sobre el mismo papel y con las mismas aguafuertes, pero sin la serie que acompaña a aquéllos. Seis ejemplares iguales a éstos, fuera de comercio, firmados por el autor; y ciento setenta y cinco ejemaplares: sesenta y cinco numerados de 1 a 65 y ciento diez fuera de comercio, sobre paper 'Hammermill', con la reproducción de las aguafuertes originales, por Guillermo Nagel. Raúl E. Lagomarsino corrigió las pruebas. Juan R. Colombo tiró el texto y los grabados. Alejandro Zampieri ejecutó la composición"" (ejemplar fuera de comercio)",ilustaciones de Lino Spilimbergo
Hermann de Keyserling,Author,Del sufrimiento a la plenitud,1939-01-01,ARM 3.50,,,
Roger Caillois,Author,El hombre y el mito,1939-01-01,ARM 2.50,,,
Charles de Gaulle,Author,El ejército del porvenir,1940-01-01,,,,
Samuel Eichelbaum,Author,Pájaro de barro,1940-01-01,,,,
Denis de Rougemont,Author,Diario de Alemania,1940-01-01,,,,
Victoria Ocampo,Author,Testimonios. Segunda Serie.,1941-01-01,,,,
Victoria Ocampo,Author,San Isidro,1941-01-01,,,,
Jorge Luis Borges,Author,El jardín de senderos que se bifurcan,1941-01-01,,,,
Alfredo de la Guardia,Author,García Lorca. Persona y creación,1941-01-01,ARM 3.00,Imprenta A. Riera y Cía,"""Se acabó de imprimir este libro para la Editorial Sur, el día primero de septiembre de mil novecientos cuarenta y uno, en la imprenta A. Riera y Cía, Calle Paraguay número 1326, Buenos Aires""","""Concesionario exclusivo para la venta: Editorial Losada, S. A. - Buenos Aires"""
Henri Michaux,Author,Un bárbaro en Asia,1941-01-01,ARM 3.00,Imprenta López,"""Este libro se terminó de imprimir el 14 de julio del año mil novecientos cuarenta y uno, en la Imprenta López, Perú 666, Buenos Aires""","""Concesionario exclusivo para la venta: Editorial Losada, S. A. - Buenos Aires"""
Denis de Rougemont,Author,¿Cambiar la vida o cambiar el hombre?,1941-01-01,,,,
H. G. Wells,Author,El destino del hombre sapiens,1941-01-01,,,,
Virginia Woolf,Author,Tres guineas,1941-01-01,,,,
Roger Caillois,Author,Le Roman policier,1941-01-01,,,,
Silvina Ocampo,Author,Enumeración de la patria,1942-01-01,ARM 3.00,Imprenta López,"""De este libro, acabado de imprimir el día 27 de noviembre del año mil novecientos cuarenta y dos, en la Imprenta López, Perú 666, Buenos Aires, se han impreso, además de su edición original, veinte ejemplares en papel Liverpool, numerados del I al XX""",
Vicente Barbieri,Author,La columna y el viento,1942-01-01,,,,
Roger Caillois,Author,Sociología de la novela,1942-01-01,,,,
William Faulkner,Author,Luz de agosto,1942-01-01,,,,
André Breton,Author,Fata Morgana,1942-01-01,,,,
Eduardo González Lanuza,Author,Transitable cristal,1943-01-01,ARM 2.50,Imprenta López,"""Este libro se terminó de imprimir el día 7 de octubre de mil novecientos cuarenta y tres, en la Imprenta López Perú 666, Buenos Aires, República Argentina"" ","""distribuidores exclusivos Emecé Editores, S. A., Luzuriaga 38 - Bs. As. - 23-7739"""
José Bianco,Author,Las ratas,1943-01-01,,Imprenta López,"""Este libro se terminó de imprimir el día 8 de noviembre del año mil novecientos cuarenta y tres, en la Imprenta López Perú 666, Buenos Aires, República Argentina""","""De esta novela se han impreso, además de los ejemplares en papel obra alisado que constituyen la edición común, veinte ejemplares fuera de comercio, en papel ledger, numerados del I al XX"""
Jorge Luis Borges,Author,Ficciones,1944-01-01,,,,
T. E. Lawrence,Author,Los siete pilares de la sabiduría,1944-01-01,ARM 80.00,,,
Manuel Peyrou,Author,La espada dormida,1944-01-01,,,,
T. E. Lawrence,Author,Cartas,1944-01-01,,,,
Charles Baudelaire,Author,Journaux intimes,1944-01-01,,,,
Roger Caillois,Author,Les impostures de la poésie,1944-01-02,,,,
Jules Supervielle,Author,La belle au bois,1944-01-03,,,,
Grévières,Author,El desdichado,1944-01-04,,,,
Gérard de Nerval,Author,Sylvie suivi de les chimères,1944-01-05,,,,
Paul Valéry,Author,Un poète inconnu,1944-01-06,,,,
Silvina Ocampo,Author,Espacios métricos,1945-01-01,,Imprenta López,"""De este libro, acabado de imprimir el día 15 de noviembre del año mil novecientos cuarenta y cinco, en la Imprenta López, Perú 666, Buenos Aires, se han impreso, además de la edición corriente, veinte ejemplares en papel Liverpool, numerados del I al XX, que consitituyen la edición original""",
Victoria Ocampo,Author,Le vert paradis,1945-01-02,,,,
Saint-John Perse,Author,Quatre poèmes (1941-1944),1945-01-03,,,,
Alberto Girri,Author,Linea de la vida,1946-01-01,,,,
Victoria Kent,Author,Cuatro año en París (1940-1944),1947-01-01,,Imprenta López,"""Este libro se terminó de imprimir el día 18 de setiembre del año mil novecientos cuarenta y siete en la Imprenta López, Perú 666, Buenos Aires, República Argentina""",
Victoria Ocampo,Author,Henry V y Laurence Olivier,1947-01-02,ARM 3.00,Imprenta López,"""Este libro se terminó de imprimir el día 11 de agosto de mil novecientos cuarenta y siete, en la Imprenta López, Perú 666, Buenos Aires, República Argentina""",
Jean-Paul Sartre,Author,El existencialismo es un humanismo,1947-01-03,,,,
Adolfo Bioy Casares,Author,La trama celeste,1948-01-01,,Talleres Gráficos SEMCA,"""Se acabó la impresión de este libro en los talleres gráficos SEMCA, Humberto 1 1050 Bs. Aires, el 11 de dicimbre de 1948""",
Alberto Camus,Author,La peste,1948-01-02,,Imprenta López,"""Este libro se terminó de imprimir el día 28 de julio de mil novecientos cuarenta y nueve, en la Imprenta López, Perú 666, Buenos Aires, República Argentina""","""Concesionario exclusivo para la venta: EDITORIAL NOVA - BUENOS AIRES"" ; segunda edición (12-3-1949)"
Chritopher Isherwood,Author,Adiós a Berlín,1948-01-03,,,,
George Orwell,Author,Ensayos críticos,1948-01-04,ARM 8.00,Imprenta López,"""Este libro se terminó de imprimir el día 20 de julio de mil novecientos cuarenta y ocho, en la Imprenta López, Perú 666, Buenos Aires, República Argentina""","""Concesionario exclusivo para la venta - EDITORIAL NOVA - BUENOS AIRES"""
Ernesto Sábato,Author,El túnel,1948-01-05,,,,
Jean-Paul Sartre,Author,Reflexiones sobre la cuestión judía,1948-01-06,,,,
Adolfo Bioy Casares,Author,La invención de Morel,1949-01-01,,,,segunda edición
Adolfo Bioy Casares,Author,Trama celeste,1949-01-02,,,,
Cyril Connoly,Author,La tumba sin sosiego,1949-01-03,,,,
Silvina Ocampo,Author,Autobiografía de Irene,1949-01-04,,,,
Graham Greene,Author,El revés de la trama,1949-01-05,,Artes Gráficos Bartolomé U. Chiesino Ameghino,"""Este libro se terminó de imprimir en artes gráficas Bartolomé U. Chiesino Ameghino 838 - Avellaneda, Buenos Aires""",
Victoria Ocampo,Author,Hamlet,1950-01-01,,,,
Juan Goyanarte,Author,Lunes de carnaval,1952-01-01,,Imprenta López,"""Este libro se terminó de imprimir el día 12 de diciembre de mil novecientos cincuenta y dos, en la Imprenta López, Perú 666, Buenos Aires, República Argentina""",
Lanza del Vasto,Author,Judas,1952-01-01,,,,
Norman Mailer,Author,Los desnudos y los muertos,1953-01-01,,,,
Frederic Wakeman,Author,El libertino,1953-01-02,,,,"also appears with the ""Editorial Goyanarte"" -- check this publishing house as I've never seen it before now..."
Riccardo Bacchelli,Author,Una pasión conyugal,1954-01-01,ARM 24.00,,,
Julien Green,Author,Medianoche,1954-01-02,ARM 24.00,,,
Graham Greene,Author,El que pierde gana,1954-01-03,ARM 16.00,,,
Juan Carlos Onetti,Author,Los adioses,1954-01-04,ARM 10.00,,,
Heinrich Von Kleist,Author,Pentesilea,1954-01-05,ARM 15.00,,,
Virginia Woolf,Author,Diario de una escritora,1954-01-06,,,,
H. A. Murena,Author,El pecado de América,1954-01-07,,Imprenta López,"""Este libro se terminó de imprimir el día 2 de agosto de 1954 en la Imprenta López, Perú 666, Bs. Aires, República Argentina. Se han impreso, aparte de la tirada original, diez ejemplares, fuera de comercio, numerados del I al X""",
Alberto Girri,Author,Linea de la vida,1955-01-01,ARM 20.00,Américalee,"""Se terminó de imprimir el día 15 de junio de 1955 en los talleres gráficos Américalee, Tucumán 353 - Bs. Aires""",
Alexandre Arnoux,Author,La cifra,1955-01-02,ARM 22.00,,,
Riccardo Bacchelli,Author,El hijo de Stalin,1955-01-03,ARM 25.00,Américalee,"""Se terminó de imprimir el día 25 de abril de 1955 en los talleres gráficos Américalee, Tucumán 353 - Bs. Aires""",
Caroline Gordon,Author,Los hijos extraños,1955-01-04,,,,
Massimo Bontempelli,Author,Gente en el tiempo,1955-01-05,ARM 20.00,,,
E. M. Forster,Author,El paso a la India,1955-01-06,ARM 35.00,,,
E. M. Forster,Author,Donde los ángeles no se aventuran,1955-01-07,ARM 20.00,,,
Herman Kasack,Author,Falsificaciones,1955-01-08,ARM 20.00,,,
H. A. Murena,Author,La fatalidad de los cuerpos,1955-01-09,ARM 30.00,,,
Lanza del Vasto,Author,Vinoba o la nueva peregrinación,1955-01-10,ARM 20.00,,,
Antonina Vallentin,Author,El drama de Alberto Einstein,1955-01-11,ARM 25.00,,,
Colette y Anita Loos,Author,Gigi,1955-01-12,ARM 20.00,,,
T. E. Lawrence,Author,El troquel,1955-01-13,,Américalee,"""Se terminó de imprimir el día 28 de mayo de 1955 en los talleres gráficos Américalee, Tucumán 353 - Buenos Aires""",
Alberto Salas,Author,Relación parcial de Buenos Aires,1955-01-14,,Américalee,"""Se terminó de imprimir el día 20 de octubre de 1955 en los talleres gráficos Américalee, Tucumán 353 - Buenos Aires""",
Graham Greene,Author,El fin de la aventura (4º edición),1955-01-15,ARM 30.00,,,
Alberto Girri,Author,Examen de nuestra causa,1956-01-01,,Américalee,"""Se terminó de imprimir el 20 de junio de 1956 en Américalee, editora e impresora, Tucumán 353, Buenos Aires - Rep. Argentina""",
H. A. Murena,Author,El centro del infierno,1956-01-02,,Américalee,"""Se terminó de imprimir el 5 de septiembre de 1956 en Américalee, editora e impresora, Tucumán 353, Buenos Aires - Rep. Argentina""",
Alexander Lernet-Holenia,Author,El Barón Bagge,1956-01-03,ARM 16.00,,,
Henry de Montherlant,Author,Los solterones,1956-01-04,ARM 30.00,,,
James Joyce,Author,Desterrados,1957-01-01,,,,
William Faulkner y Albert Camus,Author,Réquiem para una reclusa,1957-01-02,,,,
Graham Greene,Author,La casilla de las macetas,1957-01-03,,,,
Victoria Ocampo,Author,Testimonios. Quinta Serie. (1950-1957),1957-01-04,,Imprenta López,"""Este libro se terminó de imprimirse el día 19 de noviembre de 1957, en la Imprenta López, Perú 666, Buenos Aires, República Argentina""",
Alberto Girri,Author,La penitencia y el mérito,1957-01-05,,,,
Francisco Ayala,Author,El escritor en la sociedad de masas,1958-01-01,,,,
Joaquín O. Giannuzzi,Author,Nuestros días mortales,1958-01-02,,Américalee,"""Se terminó de imprimir el 5 de noviembre 1958 en Américalee, editora e impresora, Tucumán 353, Buenos Aires - Argentina""",
H. A. Murena,Author,Las leyes de la noche,1958-01-03,,Américalee,"""Se terminó de imprimir el 11 de septiembre en Américalee, editora e impresora, Tucumán 353, Buenos Aires - Argentina""",
H. A. Murena,Author,El círculo de los paraísos,1958-01-04,,Américalee,"""Se terminó de imprimir el 21 de agosto de 1958 en Américalee, editora e impresora, Tucumán 353, Buenos Aires - Argentina""",
Graham Greene,Author,El amante complaciente,1959-01-01,,,,
Dylan Thomas,Author,Bajo el bosque de leche,1959-01-02,,,,"""con la colaboración de Félix Della Paolera"" ; ""Música de Daniel Jones"""
Victoria Ocampo,Author,Habla el algarrobo,1959-01-03,,,,
Alberto Girri,Author,Propiedades de la magia,1959-01-04,,Imprenta López,"""PROPIEDADES DE LA MAGIA, poemas de Alberto Girri, con dibujos de Juan Batlle Planas, quien también cuidó la edición, terminóse de imprimir el 20 de julio de 1959 en la Imprenta López, Perú 666. La tirada comprende, además de la edición corriente, treinta ejemplares impresos en papel 'Extra Strong', siete de ellos fuera de comercio, marcados con letras de la A a la G y veintitrés ejemplares especiales coloreados a mano, con un dibujo original del artista, numerados y firmados""",
Eduardo Mallea,Author,1960,1960-01-01,,,,
Horacio Quiroga,Author,Anaconda - El salvaje - Pasado amor,1960-01-02,,Américalee,"""Se terminó de imprimir el 25 de septiembre 1960 en Américalee, editora e impresora, Tucumán 353, Buenos Aires - Argentina""",Tapa de Ricardo de los Heros
Jorge Luis Borges y Adolfo Bioy Casares,Author,Libro del cielo y del infierno,1960-01-03,,Américalee,"""Se terminó de imprimir en los Talleres Gráficos LUMEN Noseda y Cía. Calle Tucumán 2926. T. E. 87-6646/6647. Buenos Aires, República Argentina, en el mes de noviembre de mil novecientos sesenta""",
Alberto Girri,Author,La condición necesaria,1960-01-04,,Américalee,"""Se terminó de imprimir el 25 de junio 1960 en Américalee, editora e impresora, Tucumán 353, Buenos Aires - Argentina""",
Jorge Luis Borges,Author,Antología personal,1961-01-01,,Lumen,"""Se terminó de imprimir en los talleres gráficos LUMEN Noseda y Cía Calle Tucumán 2926 T. E. 8787-6646/6647 Buenos Aires República Argentina en el mes de diciembre de mil novecientos sesenta y uno""",
Thomas Mann,Author,La novela de una novela,1961-01-02,,Cadel,"""Se terminó de imprimir este libro el 26 de octubre de 1961, en los Talleres Gráficos Cadel S. R. L. Sarandí 1151 - Buenos Aires""","""Tapa por Esteban Más"" ; ""Titulo del original en alemán: die entstehung des Doktor Faustus. Roman eines romans"" ; ""Publicado en alemán por Bermann-Fischer Verlang, Amsterdam, © 1949 by Bermann-Fischer Verlang, © 1961 by Editorial Sur, S. A."""
Ana Gandara,Author,La semilla muerta,1961-01-03,,Américalee,"""Se terminó de imprimir el 2 de febrero de 1961 en Américalee, editora e impresora, Tucumán 353, Bs. Aires - Argentina""","""Diagramación de tapa de Ricardo de los Heros"""
Victoria Ocampo,Author,Tagore en las barrancas de San Isidro,1961-01-04,,Américalee,"""Se terminó de imprimir el 20 de mayo de 1961 en Américalee, editora e impresora, Tucumán 353, Buenos Aires - Argentina""",
H. A. Murena,Author,Homo Atomicus,1961-01-05,,Américalee,"""Se terminó de imprimir el 27 de septiembre de 1961 en Américalee, editora e impresora, Tucumán 353, Buenos Aires - Argentina""","""tapa de Ricardo de los Heros"""
Fray Mocho (José Sixto Álvarez),Author,Cuentos con policias,1962-01-01,,Cadel,"""Se terminó de imprimir este libro el 9 de marzo de 1962, en los talleres gráficos Cadel S. R. L., Sarandí 1157 - Buenos Aires""","""Ilustró la tapa: Héctor Basaldúa"""
Giuseppe Faggin,Author,Las brujas,1962-01-02,,Américalee,"""Se terminó de imprimir el 8 de noviembre 1962 en Américalee, editora e impresora, Tucumán 353, Buenos Aires - Argentina""","""Titulo del original en italiano: Le streghe"" ; ""© 1959 by Longanesi & C. Milano"" ; ""© 1960 by Editorial Sur, S. R. L."""
Domingo F. Sarmiento,Author,Facundo o civilización y barbarie,1962-01-03,,Lumen,"""Se terminó de imprimir en los Talleres Gráficos 'Lumen', Tucumán 2926. T. E. 87-6646/7. Buenos Aires, en el mes de abril de 1962""","""Ilustró la tapa Héctor Basaldúa"" ; ""Las especiales caracteísticas de la presente edición - destinada a profesores y alumnos de enseñanza media - han sido posibles gracias al auspicio de Esso S. A. Petrolera Argentina"""
Domingo F. Sarmiento,Author,Recuerdos de provincia,1962-01-04,,Lumen,"""Se terminó de imprimir en los Talleres Gráficos LUMEN Noseda y Cía, Tucumán 2926. T. E. 87-6646/6647. Buenos Aires, República Argentina en el mes de abril de 1962""","""Ilustró la tapa Héctor Basaldúa"" ; ""Las especiales caracteísticas de la presente edición - destinada a profesores y alumnos de enseñanza media - han sido posibles gracias al auspicio de Esso S. A. Petrolera Argentina"""
Alejandra Pizarnik,Author,Árbol de Diana,1962-01-05,,Américalee,"""Se terminó de imprimir el 15 de noviembre de 1962 en Américalee, editora e impresora, Tucumán 53, Buenos Aires - Argentina""","""diagramación de tapa de: Ricardo de los Heros"""
Estanislao del Campo,Author,Fausto,1962-01-06,,Cadel,"""Se terminó de imprimir este libro el 12 de marzo de 1962, en los Talleres Gráficos Cadel S. R. L., Sarandí 1157 - Buenos Aires""","""Ilustró la tapa Héctor Basaldúa"" ; ""Las especiales caracteísticas de la presente edición - destinada a profesores y alumnos de enseñanza media - han sido posibles gracias al auspicio de Esso S. A. Petrolera Argentina"""
Jorge Vocos Lescano,Author,Y Dios dirá después,1962-01-07,,Américalee,"""Se terminó de imprimir el 9 de octubre de 1962 en Américalee, editora e impresora, Tucumán 353, Buenos Aires - Argentina""",
Alberto Girri,Author,Elegías italianas,1962-01-08,,Américalee,"""Se terminó de imprimir el 26 de setiembre 1962 en Américalee, editora e impresora, Tucumán 353, Buenos Aires - Argentina""",
Eduardo Mallea,Author,La guerra interior,1963-01-01,,Cadel,"""Se terminó de imprimir este libro el 20 de agosto de 1963, en los Talleres Gráficos CADEL S. R. L., Sarandí 1157 - Buenos Aires""",tapa de Esteban Más
Francisco Ayala,Author,El As de Bastos,1963-01-02,,Lumen,"""Se terminó de imprimir en los Talleres Gráficos LUMEN Noseda y Cía Calle Tucumán 2926 T. E. 87-6646/6647 Buenos Aires República Argentina en el mes de JULIO de mil novecientos sesenta y tres""","""Diagramación de tapa de Ricardo de los Heros [sic]"""
Victoria Ocampo,Author,338.171. T. E.,1963-01-03,,Américalee,"""Se terminó de imprimir el 17 de diciembre 1963 en Américalee, editora e impresora, Tucumán 353, Buenos Aires - Argentina""",primera edición = 1942 ; 
Victoria Ocampo,Author,Testimonios. Sexta Serie. (1957-1962),1963-01-04,,,,
Victoria Ocampo,Author,De Francesca a Beatrice,1963-01-05,,Imprenta López,"""Este libro se terminó de imprimir el día 22 de abril del año mil novecientos sesenta y tres, en la Imprenta López, Perú 666, Buenos Aires, República Argentina""",
Ricardo E. Molinari,Author,"Un día, el tiempo, las nubes",1964-01-01,,Imprenta López,"""Este libro se terminó de imprimir el día 18 de diciembre del año mil novecientos sestena y cuatro en la Imprenta López, Perú 666, Buenos Aires, República Argentina""","parece que esta edición tuvo una funda -- en las primera páginas del libro nota lo sigueinte: ""fotografía de Pinélides A. Fusco"""
H. A. Murena,Author,El demonio de la armonía,1964-01-02,,Imprenta López,"""Este libro se terminó de imprimir el día 10 de agosto del año mil novecientos sesenta y cuatro, en la Imprenta López, Perú 666, Buenos Aires, República Argentina""",
Jorge Luis Borges y Adolfo Bioy Casares,Author,Seis problemas para don Isidro Parodi,1964-01-03,,,,"primera edición = 1942 ; ""diagramación de tapa de Ricardo de los Heros"""
H. A. Murena,Author,Los herederos de la promesa,1965-01-01,,Graficolor,"""Se terminó de imprimir el día 26 de octubre de 1965 en GRAFICOLOR, S. R. L., Doblas 850. Buenos Aires""","""Diagramación de la tapa de Ricardo de las Heras [sic]"""
Francisco Ayala,Author,"España, a la fecha",1965-01-01,,Graficolor,"""Este libro se terminó de imprimir el 15 de julio de 1965 en las prensas de GRAFICOLOR S.R.L. Doblas 850 - Buenos Aires - Argentina""","""diagramación de tapa de Ricardo de los Heros"""
Octavio Paz,Author,Los signos en rotación,1965-01-01,,Graficolor,"""Este libro se terminó de imprimir el 15 de julio de 1965 en las prensas de GRAFICOLOR S.R.L. Doblas 850 - Buenos Aires - Argentina""",
Víctor Alba,Author,Expresión del pensamiento contemporáneo,1965-01-01,$560.00,Talleres Gráficos Yunque,"""Se acabó de imprimir en octubre de 1965 en los Talleres Gráficos Yunque, S. R. L., Combate de los Pozos 968, Buenos Aires""",
Arturo Aldunate Phillips,Author,Expresión del pensamiento contemporáneo,1965-01-02,,Talleres Gráficos Yunque,"""Se acabó de imprimir en octubre de 1965 en los Talleres Gráficos Yunque, S. R. L., Combate de los Pozos 968, Buenos Aires""",
Raymond Aron,Author,Expresión del pensamiento contemporáneo,1965-01-03,,Talleres Gráficos Yunque,"""Se acabó de imprimir en octubre de 1965 en los Talleres Gráficos Yunque, S. R. L., Combate de los Pozos 968, Buenos Aires""",
Francisco Ayala,Author,Expresión del pensamiento contemporáneo,1965-01-04,,Talleres Gráficos Yunque,"""Se acabó de imprimir en octubre de 1965 en los Talleres Gráficos Yunque, S. R. L., Combate de los Pozos 968, Buenos Aires""",
Ciro Alegría,Author,Expresión del pensamiento contemporáneo,1965-01-05,,Talleres Gráficos Yunque,"""Se acabó de imprimir en octubre de 1965 en los Talleres Gráficos Yunque, S. R. L., Combate de los Pozos 968, Buenos Aires""",
Damián Carlos Bayón,Author,Expresión del pensamiento contemporáneo,1965-01-06,,Talleres Gráficos Yunque,"""Se acabó de imprimir en octubre de 1965 en los Talleres Gráficos Yunque, S. R. L., Combate de los Pozos 968, Buenos Aires""",
Jorge Luis Borges,Author,Expresión del pensamiento contemporáneo,1965-01-07,,Talleres Gráficos Yunque,"""Se acabó de imprimir en octubre de 1965 en los Talleres Gráficos Yunque, S. R. L., Combate de los Pozos 968, Buenos Aires""",
J. Carrera Andrade,Author,Expresión del pensamiento contemporáneo,1965-01-08,,Talleres Gráficos Yunque,"""Se acabó de imprimir en octubre de 1965 en los Talleres Gráficos Yunque, S. R. L., Combate de los Pozos 968, Buenos Aires""",
Oscar Delgado,Author,Expresión del pensamiento contemporáneo,1965-01-09,,Talleres Gráficos Yunque,"""Se acabó de imprimir en octubre de 1965 en los Talleres Gráficos Yunque, S. R. L., Combate de los Pozos 968, Buenos Aires""",
José Enrique Miguens,Author,Expresión del pensamiento contemporáneo,1965-01-10,,Talleres Gráficos Yunque,"""Se acabó de imprimir en octubre de 1965 en los Talleres Gráficos Yunque, S. R. L., Combate de los Pozos 968, Buenos Aires""",
Jorge Guillén,Author,Expresión del pensamiento contemporáneo,1965-01-11,,Talleres Gráficos Yunque,"""Se acabó de imprimir en octubre de 1965 en los Talleres Gráficos Yunque, S. R. L., Combate de los Pozos 968, Buenos Aires""",
Jorge Icaza,Author,Expresión del pensamiento contemporáneo,1965-01-12,,Talleres Gráficos Yunque,"""Se acabó de imprimir en octubre de 1965 en los Talleres Gráficos Yunque, S. R. L., Combate de los Pozos 968, Buenos Aires""",
Juana de Ibarbourou,Author,Expresión del pensamiento contemporáneo,1965-01-13,,Talleres Gráficos Yunque,"""Se acabó de imprimir en octubre de 1965 en los Talleres Gráficos Yunque, S. R. L., Combate de los Pozos 968, Buenos Aires""",
Juan Ramón Jiménez,Author,Expresión del pensamiento contemporáneo,1965-01-01,,Talleres Gráficos Yunque,"""Se acabó de imprimir en octubre de 1965 en los Talleres Gráficos Yunque, S. R. L., Combate de los Pozos 968, Buenos Aires""",
Arthur Koestler,Author,Expresión del pensamiento contemporáneo,1965-01-01,,Talleres Gráficos Yunque,"""Se acabó de imprimir en octubre de 1965 en los Talleres Gráficos Yunque, S. R. L., Combate de los Pozos 968, Buenos Aires""",
P. Laín Entralgo,Author,Expresión del pensamiento contemporáneo,1965-01-01,,Talleres Gráficos Yunque,"""Se acabó de imprimir en octubre de 1965 en los Talleres Gráficos Yunque, S. R. L., Combate de los Pozos 968, Buenos Aires""",
Juan Liscano,Author,Expresión del pensamiento contemporáneo,1965-01-01,,Talleres Gráficos Yunque,"""Se acabó de imprimir en octubre de 1965 en los Talleres Gráficos Yunque, S. R. L., Combate de los Pozos 968, Buenos Aires""",
André Malraux,Author,Expresión del pensamiento contemporáneo,1965-01-01,,Talleres Gráficos Yunque,"""Se acabó de imprimir en octubre de 1965 en los Talleres Gráficos Yunque, S. R. L., Combate de los Pozos 968, Buenos Aires""",
Gabriela Mistral,Author,Expresión del pensamiento contemporáneo,1965-01-01,,Talleres Gráficos Yunque,"""Se acabó de imprimir en octubre de 1965 en los Talleres Gráficos Yunque, S. R. L., Combate de los Pozos 968, Buenos Aires""",
Luis Monguió,Author,Expresión del pensamiento contemporáneo,1965-01-01,,Talleres Gráficos Yunque,"""Se acabó de imprimir en octubre de 1965 en los Talleres Gráficos Yunque, S. R. L., Combate de los Pozos 968, Buenos Aires""",
H. A. Murena,Author,Expresión del pensamiento contemporáneo,1965-01-01,,Talleres Gráficos Yunque,"""Se acabó de imprimir en octubre de 1965 en los Talleres Gráficos Yunque, S. R. L., Combate de los Pozos 968, Buenos Aires""",
A. Pareja Diezcanseco,Author,Expresión del pensamiento contemporáneo,1965-01-01,,Talleres Gráficos Yunque,"""Se acabó de imprimir en octubre de 1965 en los Talleres Gráficos Yunque, S. R. L., Combate de los Pozos 968, Buenos Aires""",
Octavio Paz,Author,Expresión del pensamiento contemporáneo,1965-01-01,,Talleres Gráficos Yunque,"""Se acabó de imprimir en octubre de 1965 en los Talleres Gráficos Yunque, S. R. L., Combate de los Pozos 968, Buenos Aires""",
Mario Pedrosa,Author,Expresión del pensamiento contemporáneo,1965-01-01,,Talleres Gráficos Yunque,"""Se acabó de imprimir en octubre de 1965 en los Talleres Gráficos Yunque, S. R. L., Combate de los Pozos 968, Buenos Aires""",
M. Picón Salas,Author,Expresión del pensamiento contemporáneo,1965-01-01,,Talleres Gráficos Yunque,"""Se acabó de imprimir en octubre de 1965 en los Talleres Gráficos Yunque, S. R. L., Combate de los Pozos 968, Buenos Aires""",
Raúl Prebisch,Author,Expresión del pensamiento contemporáneo,1965-01-01,,Talleres Gráficos Yunque,"""Se acabó de imprimir en octubre de 1965 en los Talleres Gráficos Yunque, S. R. L., Combate de los Pozos 968, Buenos Aires""",
E. L. Revol,Author,Expresión del pensamiento contemporáneo,1965-01-01,,Talleres Gráficos Yunque,"""Se acabó de imprimir en octubre de 1965 en los Talleres Gráficos Yunque, S. R. L., Combate de los Pozos 968, Buenos Aires""",
Augusto Roa Bastos,Author,Expresión del pensamiento contemporáneo,1965-01-01,,Talleres Gráficos Yunque,"""Se acabó de imprimir en octubre de 1965 en los Talleres Gráficos Yunque, S. R. L., Combate de los Pozos 968, Buenos Aires""",
Luis ALberto Sánchez,Author,Expresión del pensamiento contemporáneo,1965-01-01,,Talleres Gráficos Yunque,"""Se acabó de imprimir en octubre de 1965 en los Talleres Gráficos Yunque, S. R. L., Combate de los Pozos 968, Buenos Aires""",
A. Serrano Plaja,Author,Expresión del pensamiento contemporáneo,1965-01-01,,Talleres Gráficos Yunque,"""Se acabó de imprimir en octubre de 1965 en los Talleres Gráficos Yunque, S. R. L., Combate de los Pozos 968, Buenos Aires""",
Ignazio Silone,Author,Expresión del pensamiento contemporáneo,1965-01-01,,Talleres Gráficos Yunque,"""Se acabó de imprimir en octubre de 1965 en los Talleres Gráficos Yunque, S. R. L., Combate de los Pozos 968, Buenos Aires""",
Alfonso Reyes,Author,Expresión del pensamiento contemporáneo,1965-01-01,,Talleres Gráficos Yunque,"""Se acabó de imprimir en octubre de 1965 en los Talleres Gráficos Yunque, S. R. L., Combate de los Pozos 968, Buenos Aires""",
Agustín Yañez,Author,Expresión del pensamiento contemporáneo,1965-01-01,,Talleres Gráficos Yunque,"""Se acabó de imprimir en octubre de 1965 en los Talleres Gráficos Yunque, S. R. L., Combate de los Pozos 968, Buenos Aires""",
Luis Mercier Vega,Author,Mecanismos del poder en América Latina,1967-01-01,,Compañía Impresora Argentina,"""Se terminó de imprimir el día veinte de abril del año mil novecientos sesenta y siete en los talleres gráficos de la compañía impresora argentina s. a., Calle Alsina 2049 - Buenos Aires""","""Distribuidores Exclusivos: Editorial Sudamericana - Humberto 1º - 545 - Buenos Aires"""
François Bourricaud,Author,Poder y sociedad en el perú contemporáneo,1967-01-01,,,,
Victoria Ocampo,Author,Diálogo con Mallea,1969-01-01,,Compañía Impresora Argentina,"""Se terminó de imprimir en Offset el día treinta de octubre de año mil novecientos sesenta y nueve en los talleres gráficos de la compañía impresora argentina, S. A., Calle Alsina 2049 - Buenos Aires""",
Ernesto Sábato,Author,Itinerario,1970-01-01,,Compañía Impresora Argentina,"""Se terminó de imprimir el día quince de enero del año mil novecientos setenta en los talleres gráficos de la compañía impresora argentina s. a., Calle Alsina 2049 - Buenos Aires""","primera edición = septiembre1969; segunda edición = enero 1970 ; ""Distribuidores Exclusivos: Editorial Sudamericana - Humberto 1º - 545 - Buenos Aires"""
Adolfo Bioy Casares,Author,Memoria sobre la pampa y los gauchos,1970-01-01,,Compañía Impresora Argentina,"""Se terminó de imprimir el día treinta de julio del año mil novecientos setenta en los talleres gráficos de la compañía impresora argentina, s. a., calle Alsina 2049 - Buenos Aires""","""Distribuidores Exclusivos: Editorial Sudamericana - Humberto 1º - 545 - Buenos Aires"""
Marcel Aymé,Author,Las cuatro verdades,1970-01-01,ARM 18.00,,,
Silvina Ocampo,Author,La furia,1970,,,,
Graham Greene,Author,El cuarto en que se vive,1954-01-01,ARM 15.00,,,first edition
Graham Greene,Author,Una mujer imposible. Memorias de la Dottoressa Moor de Capri,1976-01-01,,Compañía Impresora Argentina,"""Esta edición de 5.000 ejemplares se terminó de imprimir el día treinta de junio de mil novecientos setenta y seis en los talleres gráficos de la compañía impresora argentina, s. a., calle Alsina 2049 - Buenos Aires""","""Distribuidores exclusivos: Editorial Sudamericana, Humberto 1º 545 - Buenos Aires"""
Graham Greene,Author,¿Puedes prestarme su marido? Y otras comedias de la vida sexual,1967-01-01,,Graficolor,"""Esta obra se terminó de imprimirel 9 de junio de 1967 en GRAFICOLOR, S. A., Humberto 1º 2357, Buenos Aires""","""Distribuidores exclusivos: Editorial Sudamericana, Humberto 1º 545 - Buenos Aires"""
Albert Harkness Jr.,Author,Antología de la prosa norteamericana,1960-01-01,,Lumen,"""se terminó de imprimir en los talleres gráficos LUMEN Noseda y Cía, Calle Tucumán 2926 T. E. 87-6646/6647 Buenos Aires República Argentina en el mes de Junio de mil novecientos sesenta""","""tapa por Estebán Más"""
Jules Romains,Author,Discurso pronunciado en la inauguración del Congreso Internacional de los P.E.N. Clubs,,ARM 0.40,,,
Jorge Luis Borges,Author,Otras inquisiciones,1952-01-01,,Imprenta López,"""Este libro se terminó de imprimir el día 14 de julio del año mil novecientos cincuenta y dos, en la imprenta lópez, Perú 666, Buenos Aires, República Argentina""",
Lewis Mumford,Author,Las transformaciones del hombre,,,,,
Jean-Paul Sartre & Martin Heidegger,Author,Existencialismo y Humanismo,,,,,
Max Scheler,Author,Amor y conocimiento,,,,,
Karl Jaspers,Author,"Esencia y formas de lo trágico, Leonardo como filósofo",,,,,
Elémire Zolla,Author,Antropología negativa,,,,,
Edwin Lieuwen,Author,Armas y política en América Latina,,,,,
Romano Guardini,Author,El fin de los tiempos modernos,,,,,
Max Muller,Author,Crisis de la metafísica,,,,,
Friedrich Durrenmatt,Author,Problemas teatrales,,,,,
Albert Schweitzer,Author,"Decaimiento y restauración de la civilización, Civilización y ética",,,,,