Sender,Recipient,Date_On_Letter,Date_On_Envelope,Location_sent,Location_received,Paper,Text,Mentions,Pages,Notes,Repository
Victoria Ocampo,Ramona Maximina Aguirre Herrera,1929-01-23,1929-01-28,"Paris, France","Mar del Plata, Argentina",thick white paper with black ink,handwritten,"Isabel Dato, Adelia Acevedo, Joan Miró",,mentions the receipt of a telegram from her mother in the first line,Princeton University
Victoria Ocampo,Angélica Ocampo,1930-01-11,,"Paris, France","Mar del Plata, Argentina",,handwritten,"Josefina de Atucha, León-Paul Fargue, George-Henri Rivière, Jacque Lacan, Pierre Drieu de la Rochelle, Mme. Letellier",,"mentions that Drieu de la Rochelle will read to her in his apartment on the following day; describes a dinner party at Josephina's home (with Fargue, Rivière, and Lacan) the previous night; telephone conversations with Lacan ; describes an outting to Gourgaud's to see a series of paintings",Princeton University
Victoria Ocampo,Angélica Ocampo,1930-01-20,,"Paris, France","Buenos Aires, Argentina",creme-colored paper with black ink (the first page has some slight damage from a burn),handwritten,"Pancha, Drieu, Isabel Dato, Ramón Fernández, Francis Poulnec, Delia del Carril, Jacque Lacan, Thérèse d'Hinnisdaël, Lucien Daudet",5,"mentions a previous letter she received from Angélica; also a telegram received from Pancha; use of a throat disinfected (adminsitered by Lacan) for a cold; Drieu was there the previous day and that same day; mentions a Poulnec ballet she will see; various people will visit her tomorrow (Dato, Fernández, Delia, Lacan)",Princeton University
Victoria Ocampo,Angélica Ocampo,1929-01-24,,"Paris, France","Buenos Aires, Argentina",,handwritten,"Ernest Ansermet, Marie-Louise Bousquet, Waldo Frank",,"describes her disappointment at Poulnec's ballet ; mentions the ""APO"" (Asociación del Profesorado Orquestal); mentions a letter she received from Waldo Frank",Princeton University
Victoria Ocampo,Angélica Ocampo,1930-02-07,,"Paris, France","Buenos Aires, Argentina",creme-colored paper with black ink,handwritten,"Marie-Louise Bousquet, Leo Ferrero, Henry de Montherlant, Guy de Pourtalès, Roberto Desnos, Michel Leiris, Jean Monnet, Manuel Ángeles Ortiz, Ansermet, Lacan",3,"first encounters with Ferrero, Montherland, Pourtalès ; Ferrero will come over for dinner on ""Tuesday"" ; On Monday she will have dinner with Ramón Fernández and Drieu ; having tea with Mme. Bousquet ""tomorrow"" with the group from Documents (1929-1930), literary journal ; mentions that she had dinner with Drieu, Isabel Dato, Delia and Ortiz the previous night ; comments how she fights a great deal with Lacan, but that they might go to Chartres on Sunday ; love of the new Chanel line of clothing",Princeton University
Victoria Ocampo,Angélica Ocampo,1930-02-15,,"Paris, France","Buenos Aires, Argentina",creme-colored paper with black ink,handwritten,"Jean Cocteau, Delia, Ramón Gómez de la Serna",3,discusses her dislike of Cocteau's work (La voix humaine) and provides a summary of the work itself,Princeton University
Victoria Ocampo,Angélica Ocampo,1930-02-16,,"Paris, France","Buenos Aires, Argentina",creme-colored paper with black ink,handwritten,"Cocteau, Paul Eluard, Marie-Louise-Bousquet, Jean Desbordes, Fargue, Hélène Vacaresco, Lacan, Valentine Hugo, Ansermet",3,"continues her previous letter about Cocteau's work; will have lunch at Cocteau's along with Ramón (de la Serna?) next week; relishes Fargue's sense of humor; potential of going to Brussels with Ansermet the following week; fight with Lacan over Cocteau's work; going to Hugo's home on ""Monday""",Princeton University
Victoria Ocampo,Angélica Ocampo,1930-03-14,,"Paris, France","Buenos Aires, Argentina","creme-colored paper with slight foxing; blue ink; ""via Aéropostale"" diagonally printed in the top left-hand corner in between a red (top) and blue (bottom) stripe",handwritten,"José Ortega y Gasset, Marie-Louise Bousquet, Leo Ferrero, Anna de Noailles, Madame Lobre, María de Atucha, Conde de Cuevas de Vera (Carlos), Emile Ludwig, Delia, Fargue, Cocteau, Drieu",5,"describes the lunch that all of these individuals had ""yesterday""; detail of Anna's attire; Ortega discussed several of Sappho's poems; long monologue about the sun; V. invited Ortega, Drieu and Ferrero to have dinner with her that night; addressed to ""todos""",Princeton University
Victoria Ocampo,Angélica Ocampo,1930-04-15,,"Roquebrune-Cap-Martin, France","Buenos Aires, Argentina",creme-colored thick paper; black ink,handwritten,"Delia, Fany, Albert Kahn, Leonard Elmhirst, Tagore, Maupassant, ",3,"describes the long and arduous car trip to Cap Martin (Delia, Fany, and Victoria); first went to Lyon, then travelent to Montelimar, had lunch the next day in Avignon; talks a bit about Tagore and his secretary, Leonard Elmhirst; mentions 3 Chanel suits that she is sending for Angélica and various types of fabric for Silvina; addressed to parents and siblings",Princeton University
Victoria Ocampo,Manuel S. Ocampo,1930-05-30,,"New York, New York","Viamonte 570, Buenos Aires, Argentina",light blue paper with blue ink,handwritten,"Otto Kahn, Waldo Frank, Delia, Eisenstein (director of Potemkin), conde Leornin, Alex Wuthenau, Baba de Faucigny-Lucinge, Taylor Gordon",4,"describes a trip to Long Island; talks about film; mentions what surprises her most about the states (in comparison with Europe) is the sense of SPACIOUSNESS; saw a catedral in Harlem; the letter is addressed to ""queridos""",Princeton University
Victoria Ocampo,Angélica Ocampo,1933-12-31,1933-12-31,"Mar del Plata, Argentina","Villa Ocampo, Argentina",white paper with blue and black ink,handwritten,"María Rosa Oliver, Waldo Frank, Fany, Diógenes de Urquiza, María Luisa Ocampo de Urquiza",2,describes her first night back at Mar del Plata,Princeton University
Victoria Ocampo,Angélica Ocampo,,,"Los Angeles, California","Buenos Aires, Argentina",creme colored paper (thin) with blue ink,handwritten,"Krishnamurti, Rajagopal",3,describes her trip to Ojai (close to Santa Barbara); mentions conversations with Krishnamurti and Raja Gopal; date between 10/05/[1943-1948],Princeton University
Victoria Ocampo,Angélica Ocampo,1946-05-03,,"Claridge's, London, United Kingdom","Buenos Aires, Argentina","light blue paper with a blue logo at the top of the page (""Claridge's, Brook Street""); blue ink",handwritten,"Lord and Lady Ribblesdale, Drieu, Paul Chadourne, los Riglos, los Siri, Roger Caillois, Conde Hermann von Keyserling",8,went to a reception last night that was given in her honor at the British Council (although it appears to have been a rather sad night for her),Princeton University
Victoria Ocampo,Angélica Ocampo,1946-08-06,,"Paris, France","Buenos Aires, Argentina",thin creme-colored paper with blue ink,handwritten,"Victoria Kent, María Rosa Oliver, Fargue, Gisèle Freund, Yvette Billod-Cottier, Silingo, los Keyserling",6,describes her lunch and outing with Victoria Kent; wants to invite her to BsAs to give some lectures; also addressed to Pancha,Princeton University
Silvina Ocampo,José Bianco,1941-02-08,,,,,handwritten,"William Faulkner, Proust",,She is reading Wild Palms and absolutely hates it,Princeton University
Silvina Ocampo,José Bianco,1941-01-01,,,,,handwritten,,,reading Dream of the Red Chamber,Princeton University
Silvina Ocampo,José Bianco,1941-03-08,,,,,handwritten,,,notes that José could announce her poem for the next issue of Sur; begins her continually lament to forgive her for how horrible all of her letters are,Princeton University
Silvina Ocampo,José Bianco,1941-03-01,,,,,handwritten,,,describes her obsession with the idea of suicide; recounts how much she misses José (Bianco); reveals a great deal of her internal suffering,Princeton University
Silvina Ocampo,José Bianco,1941-04-08,,,,,handwritten,"Chopin, Virginia Woolf",,talks about bad news and horrible things that are happening in the world; comments how you can't even play Chopin in Poland,Princeton University
Silvina Ocampo,José Bianco,1941-10-12,,,,,handwritten,,,"Silvina provides José with some notes on the ""nouvelle"" that he is writing; states that most important thing when you are writing is not the ""I,"" but the work itself;",Princeton University
Silvina Ocampo,José Bianco,1941-11-04,,,,,handwritten,,,she critics a horrible book of his; discussion of verse vs. prose; talks about a blind friend of hers,Princeton University
Silvina Ocampo,José Bianco,1942-05-08,,,,,handwritten,"Rilke, Waldo Frank, Arturo Serrano Plaja, Enrique Amorim, Lanuza, Caillois",,she sends him a book (Bete dans la jungle); has a long list of complains about the most recent number of Sur; compares Sur to Caras y Caretas,Princeton University
Silvina Ocampo,José Bianco,1943-05-12,,,,,handwritten,Martínez Estrada,,"it seems that Bianco has abandoned his book; describes a work by Martínez Estrada, Un libro de poemas, that she will pay to have printed",Princeton University
Silvina Ocampo,José Bianco,1943-12-24,,,,,handwritten,,,,Princeton University
Silvina Ocampo,José Bianco,1944-03-11,,,,,,,,,Princeton University
Victoria Ocampo,José Bianco,1946-08-28,,"Hotel du Golf, Près de Touques, France","Buenos Aires, Argentina",creme-colored thin paper with a royal blue horizontal line close to the top edge of each page; blue ink,handwritten,"Bayeux, Paul Valéry, Jorge Luis Borges, Jean Paulhan, Pascal, Mme. Bour, Drieu",12,,Princeton University
Victoria Ocampo,Angélica Ocampo,1946-12-06,,"Waldorf-Astoria, New York, New York","Buenos Aires, Argentina",Waldorf-Astoria letterhead (white paper with their logo at the top in black); blue ink,handwritten,"Valenti, Frank Sinatra, Rubinstein, Arrau, Waldo Frank, Lewis Mumford, María Rosa Oliver, Spruille Braden, Conde Wladimir d'Omersson, Bing Crosby, Roger Caillois",3,,Princeton University
Victoria Ocampo,Angélica Ocampo,1948-12-15,,"Waldorf-Astoria, New York, New York","Buenos Aires, Argentina",Waldorf-Astoria letterhead (tissue-thin white paper with their logo at the top in black); blue ink,handwritten,"Ansermet, William Walton, Matthew Huxley, Abelardo González, María Rosa Oliver, Pepe Weissberger",3,,Princeton University
Victoria Ocampo,Angélica Ocampo,1949-06-02,,"Buenos Aires, Argentina","Buenos Aires, Argentina","""Villa Ocampo"" letterhead (San Isidro, F. C. C. A.; 743 San Isidro 0146); thin creme tissue with blue ink",handwritten,"Fani, Wybert, Daan Bolten,Yvette, Pancha",4,,Princeton University
Victoria Ocampo,Angélica Ocampo,1949-06-11,,"Villa Ocampo, Argentina","Buenos Aires, Argentina","""Villa Ocampo"" letterhead (San Isidro, F. C. C. A.; 743 San Isidro 0146); thin creme tissue with blue ink",handwritten,"Yvette, Roger Caillois, Silvina Ocampo, Albert Camus, Federico de Onís, Harriet de Onís, Benjamín García Victorica (casado con Francisca Ocampo (Pancha)",4,,Princeton University
Victoria Ocampo,Angélica Ocampo,1949-06-13,,"Villa Ocampo, Argentina","Buenos Aires, Argentina","""Villa Ocampo"" letterhead (San Isidro, F. C. C. A.; 743 San Isidro 0146); thin creme tissue with blue ink",handwritten,"Yvette, Fani, primo Aurelio, Ricardo Baeza",5,,Princeton University
Victoria Ocampo,Angélica Ocampo,,,"Buenos Aires, Argentina","Buenos Aires, Argentina","""Sur"" letterhead (with a red arrow through the center of the journal's name); ""Revista mensual, calle San Martín 689, Buenos Aires, Dirección cablegráfica: VicVic-B.Aires""; thin tissue paper with blue ink",handwritten,"Yvette, Fani, Roger Caillois, Ramona Aguirre, Olivier, Pancha",3,describes the tree ,Princeton University
Victoria Ocampo,Angélica Ocampo,1951-12-07,,"Paris, France","Buenos Aires, Argentina","written on the back of ""Sur"" letterhead  (thin tissue paper; no colored arrow through the name ""Sur""); blue ink",handwritten,"Christian Murciaux, Catherine Caillois, Mme. de Noailles, Valéry, André Maurois, Catinou",2,,Princeton University
Victoria Ocampo,Francisca (Pancha) Ocampo,1952-01-08,,"Paris, France","Buenos Aires, Argentina",blue paper with blue ink,handwritten,Marguerite Yourcenar,5,,Princeton University
Victoria Ocampo,Angélica Ocampo,1956-11-01,,,"Buenos Aires, Argentina","""Italia - Societa di naviganzione Genova"" Letterhead (light blue with a ship in the upper left-hand corner)",handwritten,"Robert Weibel-Richard, Jawaharlal, Baudet, Borges, Sebastián Soler, Alfredo González Garaño",1,"addressed to ""hemanas y amiguitas""",Princeton University
Victoria Ocampo,Angélica Ocampo,1956-12-02,,"820 Fifth Avenue, New York City, New York","Buenos Aires, Argentina","light blue (with a very subtle horizontal line throughout) paper with the letterhead ""820 Fifth Avenue / New York City"" across the top in dark blue; blue ink",handwritten,"Victoria Kent, Louise Roslyn, Gabriela Mistral, Doris Dana (secretary of Mistral), Josephine (¿?), Pepe Weissberger, Sylvia Marlow",6,"also addressed to Pancha Ocampo, Pepe (José Bianco)",Princeton University
Victoria Ocampo,Angélica Ocampo,1959-12-20,1959-12-20,"Waldorf-Astoria, New York City, New York","Rodriguez Peña 1960, Buenos Aires, Argentina",Waldorf-Astoria letterhead (tissue-thin white paper with their logo at the top in black); blue ink,handwritten,"Enrique Pezzoni, Vera Strawinsky, Igor Strawinksy, Robert Craft, Anita Loos, Sylvia Marlow, José Bianco (Pepe)",,,Princeton University
Victoria Ocampo,Angélica Ocampo,1959-12-21,1959-12-22,"Waldorf-Astoria, New York City, New York","Rodriguez Peña 1960, Buenos Aires, Argentina",Waldorf-Astoria letterhead (tissue-thin white paper with their logo at the top in black); blue ink,handwritten,"Valborg Anderson, Ned O'Gormann, Vera Strawinsky",3,,Princeton University
Victoria Ocampo,Francisca (Pancha) Ocampo,1959-12-24,,"Waldorf-Astoria, New York City, New York","Buenos Aires, Argentina",Waldorf-Astoria letterhead (tissue-thin white paper with their logo at the top in black); blue ink,handwritten,"Enrique Pezzoni, Anita Loos, Francisco Ayala, Josephine Crane, Igor Strawinsky, Tennessee Williams, Marianne Moore, Monroe Wheeler, Katherine Biddle, Adlai Stevenson, Nelson Rockefeller",4,also addressed to Angélica Ocampo,Princeton University
Victoria Ocampo,Angélica Ocampo,1960-01-02,,"Waldorf-Astoria, New York City, New York","Buenos Aires, Argentina",,handwritten,"Sylvia Marlow, Juan José Castro, Mario Amadeo",,,Princeton University
Victoria Ocampo,Angélica Ocampo,1962-06-09,,,"Buenos Aires, Argentina",,handwritten,"Vita Sackville-West, Knole, Sissinghurst, Alsogaray, Alberto de Zavalía, Pancha Ocampo, Fryda Schultz de Mantovani",,,Princeton University
Victoria Ocampo,Angélica Ocampo,1962-07-05,,"Paris, France","Buenos Aires, Argentina",,handwritten,"Vita Sackville-West, Francine Camus, Albert Camus, Julia Bullrich de Saint, Samuel Oliver, Mariano Picón Salas, Yvette, María Rosa Oliver, Pierre Cot",,"addressed to ""a todos""",Princeton University
Victoria Ocampo,Francisca (Pancha) Ocampo,1962-01-01,,"Hotel de la Trémoille, Paris, France","Rodriguez Peña 1960, Buenos Aires, Argentina","two different kinds of light blue paper: one is generic with no markings (3 pages), the other is a thicker ""Par Avión. G. Lalo Paris"" paper (1 page); blue ink on both",handwritten,"Mme. Henriette, Ansermet, Malraux, Yvette, Madeleine Malraux, los Ganay, Sophie Jordan, Anita Loos, Alejandra Kent, Daan, Jacky Kennedy, Roger Caillois, la mujer de Sacha Guitry (¿?)",4,"mentions that she will be going to have lunch with the Malraux (""el viernes próximo""); had lunch with Jovita (¿?) and los Ganay (Herbert), Philippe B. (""el conservador del museo del Versailles""); describes the possibility of things in Paris: ""Aquí todo lo que en B.A. es una imposibilidad material se hace con la mayor facilidad. Facilidad y perfección - lo único malo son los precios de todo"") ; the letter is also addressed to Angélica Ocampo",Princeton University
Victoria Ocampo,Angélica Ocampo,1962-07-12,,"Paris, France","Buenos Aires, Argentina",,handwritten,"Mme de Miramont, Mary Garden, Mme. Buisson, Drieu, Daan, Mme. Ryf, Germaine Sanderson, Maurice Rostand, Jean Rostand, Frédéric Grover, Ricardo Mosquera Eastman",,,Princeton University
Victoria Ocampo,Angélica Ocampo,1962-08-13,,"Paris, France","Buenos Aires, Argentina",,handwritten,"Soledad Ortega, Marta Mosquera, José Ortega y Gasset",,also addressed to Pancha Ocampo and Fryda,Princeton University
Victoria Ocampo,Angélica Ocampo,1962-08-17,,"Park Lane Hotel, London, United Kingdom","Buenos Aires, Argentina",,handwritten,"Marta Mosquera, los Lawrence, Vera Macarow, los Elmhirst, Gordo Mosquera, Bengolea, Marilyn Monroe, Tagore, Gisèle Freund ",,also addressed to Pancha Ocampo,Princeton University
Victoria Ocampo,Angélica Ocampo,1962-08-19,,"London, United Kingdom","Buenos Aires, Argentina",,handwritten,Arnold W. Lawrence,,,Princeton University
Victoria Ocampo,Angélica Ocampo,1963-11-06,,"Waldorf-Astoria, New York City, New York","Buenos Aires, Argentina",Waldorf Astoria letterhead; blue ink,handwritten,Adolf Hitler,1,,Princeton University
Victoria Ocampo,Angélica Ocampo,1963-11-10,1963-11-11,"Waldorf-Astoria, New York City, New York","Buenos Aires, Argentina",Waldorf Astoria letterhead; blue ink,handwritten,"Vera Strawinsky, Igor Strawinsky, Maria Huxley, Aldous Huxley, Dorothy Norman, Mildred Bliss",4,,Princeton University
Victoria Ocampo,Angélica Ocampo,1963-11-15,1963-11-20,,"Buenos Aires, Argentina","Queen mary letterhead; light green tissue-thin paper with a small white horizontal strip at the top (that contains a small image of a ship in color); blue ink); Cunard Line, R. M. S. Queen Mary; ""Hotel de la Tremoille"" written on the back of the envelope",handwritten,"Monroe Wheeler, Nina Ayala, Josephine Crane, Mildred Bliss, Dorothy Norman, Ned O'Gorman, Victoria Kent, Margaret Marshall (Harcourt, Brace & Co.), Yvette",4,also addressed to Pancha Ocampo and Fryda,Princeton University
Victoria Ocampo,Angélica Ocampo,1963-11-21,1963-11-21,"Hotel de La Trémoille, Paris, France","Buenos Aires, Argentina","two different types of stationery used: ""Hotel de la Trémoille"" (2 pages) & ""R.M.S. Queen Mary"" (1 page); both written with blue pen; envelope is from the ""Hotel de la Trémoille""",handwritten,"Yvette, Malraux, Roger Caillois, Drieu",3,also addressed to Pancha Ocampo,Princeton University
Victoria Ocampo,Angélica Ocampo,1963-11-22,,"Hotel de La Trémoille, Paris, France","Buenos Aires, Argentina",,handwritten,"Roger Caillois, Catinou, Michaux",,also addressed to Pancha Ocampo,Princeton University
Victoria Ocampo,Angélica Ocampo,1963-11-24,,"Hotel de la Trémoille, Paris, France","Buenos Aires, Argentina","light blue paper (thin) with blue ink (larger - about the size of 8.5 x 11 paper); on the back of the (generic) envelope, Ocampo has written the ""Hotel de la Trémoille"" address",handwritten,"JF Kennedy, Perón, Hitler, Madeleine Malraux",2,,Princeton University
Victoria Ocampo,Angélica Ocampo,1951-12-12,,"Berlin, Germany",,tissue paper with blue ink,handwritten,"Pouchet, Roger Caillois, Arnold Keyserling, ",2,,Princeton University
Victoria Ocampo,Angélica Ocampo,1951-12-05,1951-12-07,"Paris, France","Rio de Janeiro, Brazil",tissue paper with blue ink; air mail envelope with Angélica's address (en route to Brazil),handwritten,"Weldí, Gabriel Marcel, Maurice Rostand, ",1,,Princeton University
Victoria Ocampo,Angélica Ocampo,1951-12-28,,"Paris, France",,blue paper with blue ink,handwritten,"Nicolas Nabokov, Ortega, Madariaga, Picasso, Roger, ""Denise P.""",2,,Princeton University
Victoria Ocampo,Angélica Ocampo,1941-05-08,,"Hotel Carrera, Santiago, Chile",,Hotel letterhead (green on beige paper) with blue ink,handwritten,La Cordillère,4,"addressed to ""todos""",Princeton University
Victoria Ocampo,Angélica Ocampo,2017-05-09,,"Hotel Pacífico, Casilla No. 1, Arica, Chile",,Hotel letterhead (light green paper with black lettered for the logo) with blue ink,handwritten,,4,"addressed to ""todos""",Princeton University
Victoria Ocampo,Angélica Ocampo,1956-07-10,,"Dakar, Senegal","Rodriguez Peña 1960, Buenos Aires, Argentina","""Italia - Societa di naviganzione Genova"" Letterhead (light blue with a ship in the upper left-hand corner)",handwritten and typed,"Pancha, Noé, Amadou Fall, Mrs. Heath, Angélica, A. W. Lawrence, Richard Wright, Paul Robson, ",3,also addressed to José (Pepe) Bianco and Bixio,Princeton University
Victoria Ocampo,José Bianco,1956-12-01,,"820 Fifth Avenue, New York City, New York",,"light blue (with a very subtle horizontal line throughout) paper with the letterhead ""820 Fifth Avenue / New York City"" across the top in dark blue; blue ink",handwritten,"Benda (Julián), Ferney-Voltaire Rougemant, Sábato, Colin Wilson, los Crane, Groucho, Gabriela, los Elmhirst, Angélica",5,"dice que a ella le gusta mucho el artículo de Bianco (que salió en Sur) ; en la misma carta nota su alegría por ser recibia como ella hubiera recibos a escritores en BsAs: ""Esta es la primera vez - dsde que salí de B. A. - que me encuentro con gentes que me reciben a mí como yo recibo a los amigos en mi tierra. This is America. No hay manera de negarlo. Los Elmhirst también me recibieron así."" ",Princeton University
Victoria Ocampo,Angélica Ocampo,1959-12-10,,"Washington, D.C.",,creme colored paper with blue ink,handwritten,"Llausás, los Prando",8,"muchísimas páginas porque escribió esta carta durante un viaje muy largo (mencionó sus viajes a varios lugares como Caracas, Nueva Jersey, Nueva York, Washington, etc.)",Princeton University
Victoria Ocampo,Angélica Ocampo,1956-11-30,,"New York City, New York","Rodriguez Peña 1960, Buenos Aires, Argentina","handwritten letter on the back of another letter typed letter (from C. H. Bishop (c/o Mrs. Louise Crane) - concerning the name of a puppy (Nick) - dated November 26, 1956; the letter from Victoria is handwritten in blue ink ",handwritten,"Rougemont, Mrs. Louise Crane, C. H. Bishop",1,"addressed to her ""queridas hermanas""",Princeton University
Victoria Ocampo,Angélica Ocampo,1959-12-01,1959-12-13,"Washington, D.C.","Rodriguez Peña 1960, Buenos Aires, Argentina","tissue-like paper with a single blue and a single red line down the right-hand edge of the paper with ""Air Mail"" in the bottom right-hand corner; blue ink ",handwritten,"Prando/Praudo (¿?), United States Argentine Society, Katherine Biddle, Francis Biddle, Strawinsky (Igor), Angélica, Elmhirst",3,mentions that Francis Biddle was on the of judges sent to the Nuremberg trials; also addressed to Francisca (Pancha) Ocampo,Princeton University
Victoria Ocampo,Angélica Ocampo,1959-12-15,,"Washington, D.C.","Rodriguez Peña 1960, Buenos Aires, Argentina","tissue-like paper with a single blue and a single red line down the right-hand edge of the paper with ""Air Mail"" in the bottom right-hand corner; blue ink ",handwritten,"Katherine Biddle, Margarita Bottegke Cactaui (¿?), Francis Biddle, Serrano Redounet (¿?)",4,,Princeton University
Victoria Ocampo,Angélica Ocampo,1959-12-19,1959-12-19,"Waldorf-Astoria, New York City, New York","Rodriguez Peña 1960, Buenos Aires, Argentina",Waldorf-Astoria letterhead (tissue-thin white paper with their logo at the top in black); blue ink,handwritten,"Amadeo, Pepe (Bianco), Graham (Greene), señor Ardigó (cinematográfico), Aldous Huxley ",3,mentions that she was payed $100 by Columbia University,Princeton University
Victoria Ocampo,Angélica Ocampo,1959-12-22,,"Waldorf-Astoria, New York City, New York","Buenos Aires, Argentina",Waldorf-Astoria letterhead (tissue-thin white paper with their logo at the top in black); blue ink,handwritten,"Henry Allan Moe, Santos (ex president of Colombia the country), Angel del Río, los Durán, los García Lorca, Ayala, Ortega, Pepe (Bianco), Monroe Wheeler, Igor Strawinsky",,also addressed to Francisca (Pancha) Ocampo,Princeton University
Victoria Ocampo,Angélica Ocampo,1959-12-24,,"Waldorf-Astoria, New York City, New York","Rodriguez Peña 1960, Buenos Aires, Argentina",Waldorf-Astoria letterhead (tissue-thin white paper with their logo at the top in black); blue ink,handwritten,"los Strawinsky, Bob Strawinsky, Ardigó, Alexis Léger",1,"includes the addresses for Strawinsky (Hotel Gladstone, 114 East 52nd Street, New York) and Léger (1621-34th Street, Washington) in the letter",Princeton University
Victoria Ocampo,Angélica Ocampo,1960-01-02,1960-01-03,"Waldorf-Astoria, New York City, New York","Rodriguez Peña 1960, Buenos Aires, Argentina",Waldorf-Astoria letterhead (tissue-thin white paper with their logo at the top in black); blue ink,handwritten,"Sylvia Marlowe, Amadeo",,,Princeton University
Victoria Ocampo,Angélica Ocampo,1960-06-11,,,"Rodriguez Peña 1960, Buenos Aires, Argentina",Royal Mail Lines letterhead (light blue paper with blue logo in the top left-hand corner); blue ink,handwritten,"Strawinsky, Ciancciolo",2,,Princeton University
Victoria Ocampo,Angélica Ocampo,1960-06-12,,,"Rodriguez Peña 1960, Buenos Aires, Argentina",Royal Mail Lines letterhead (light blue paper with blue logo in the top left-hand corner); blue ink,handwritten,"Ledesma, Esternita Lembrain (¿?), Blanca S. Franca, Amadeo, Vera (Strawinsky)",2,,Princeton University
Victoria Ocampo,Angélica Ocampo,1960-06-09,,,"Rodriguez Peña 1960, Buenos Aires, Argentina",Royal Mail Lines letterhead (light blue paper with blue logo in the top left-hand corner); blue ink,handwritten,"Vita (Sackville-West), Alsogaray, José Luis y Sofía",4,,Princeton University
Victoria Ocampo,Angélica Ocampo,1946-05-29,,"New York City, New York","Buenos Aires, Argentina",thin white tissue paper with blue ink,handwritten,,4,,Princeton University
Victoria Ocampo,Angélica Ocampo,1946-12-03,,"Waldorf-Astoria, New York City, New York","Buenos Aires, Argentina",Waldorf-Astoria letterhead (image of the front of the building with information about its location) on thin white paper; blue ink,handwritten,los Reyes,1,also addressed to Francisca (Pancha) Ocampo,Princeton University
Henry Allen Moe,Victoria Ocampo,1946-12-07,,"John Simon Guggenheim Memorial Foundation, 551 Fifth Avenue, New York","Waldorf-Astoria, New York City, New York",Guggenheim letterhead (with subtle horizontal lines throughout),typed,Herschel Brickell,1,,Princeton University
Victoria Ocampo,Angélica Ocampo,1947-01-11,,"Waldorf-Astoria, New York City, New York","Buenos Aires, Argentina",Waldorf-Astoria letterhead (image of the front of the building with information about its location) on white paper; blue ink,handwritten,"Valenti, Malraux",1,also addressed to Francisca (Pancha) Ocampo,Princeton University
Victoria Ocampo,Angélica Ocampo,1948-12-11,,"Waldorf-Astoria, New York City, New York","Buenos Aires, Argentina",Waldorf-Astoria letterhead on white paper; black ink,handwritten,"Henry Fonda, Harriet Mildred, Federico B., Arciniegas, Pancha, Baeza, los Bioy",4,,Princeton University
Victoria Ocampo,Angélica Ocampo,1963-11-26,1963-11-27,"Paris, France","Rodriguez Peña 1960, Buenos Aires, Argentina",R. M. S. Queen Mary letterhead; blue ink,handwritten,"Germaine Sanderson,Gisèle Freund, Yvette, JF Kennedy, Saint-John Perse (Léger)",1,,Princeton University
Victoria Ocampo,Angélica Ocampo,1963-11-29,1963-11-29,"Paris, France","Rodriguez Peña 1960, Buenos Aires, Argentina",light blue paper (thin) with blue ink (larger - about the size of 8.5 x 11 paper),handwritten,"Pancha, Roger Caillois, Yvette, Madeleine (Malraux?), Malraux, Julian Huxley, Graham Greene, Francine Camus, René Etiemble, Miguel Ocampo, María Luisa (Bastos?)",5,,Princeton University
Victoria Ocampo,Angélica Ocampo,1963-11-30,,"Hotel de La Trémoille, Paris, France","Rodriguez Peña 1960, Buenos Aires, Argentina","""Hotel de la Trémoille"" stationery; blue ink",handwritten,"Yvette, Miguel Ocampo, Paul Claudel, Malraux",2,,Princeton University
Victoria Ocampo,Angélica Ocampo,1963-12-02,1963-12-02,"Paris, France","Rodriguez Peña 1960, Buenos Aires, Argentina",light blue paper (8.5 x 11 size); blue ink,handwritten,"Roger Caillois, Francine Camus, d'Ormesson, Paulhan",2,also addressed to Francisca (Pancha) Ocampo,Princeton University
Victoria Ocampo,Angélica Ocampo,1963-12-03,,"Paris, France",,,,T. E. Lawrence,,"does not specifically mention T. E. Lawrence, but discusses the difficulty of the contract for 7 pilares; explicitly states that it is her job, and her job alone, to sign contracts; also addressed to Francisca (Pancha) Ocampo",Princeton University
Victoria Ocampo,Angélica Ocampo,1963-12-05,1963-12-05,"Hotel de La Trémoille, Paris, France","Rodriguez Peña 1960, Buenos Aires, Argentina",Hotel de la Tremoille letterhead (white paper with blue letterhead) ; blue ink,handwritten,"Madeleine Malraux, Alain Malraux, Suzanne Tézenas, Boulez, Barrault, Madeleine Renauld, Michaux, Ottoline Morrel, D. H. Lawrence, Maria Huxley, Jean Renoir, Maria Renée Cura",6,also addressed to Francisca (Pancha) Ocampo,Princeton University
Victoria Ocampo,Angélica Ocampo,1963-12-01,,"Paris, France",,light blue paper (8.5 x 11 size); blue ink,handwritten,"Paul Adam, Jean Cassou, Ortega y Gasset, Roger Caillois, Francine Camus, los d'Ormesson, Malraux, Michaux, Suzanne Tézenas, Jean Guéhénno, Maurois, Marcel Bataillon, Louis Pasteur Vallery-Radot, François Perroux, Antonio López Llausás, Eugenia Huici de Errázuriz, Ezequiel Martínez Estrada, Yvette, Arciniegas, Fryda, Paul César Helleu, Paulhan, Jorge Luis Borges, Tagore,   ",8,Paul Adam wrote a work on T. E. Lawrence (Les echecs de T. E. Lawrence); comparación entre Paulhan y Borges; also addressed to Francisca (Pancha) Ocampo and Fryda,Princeton University
Victoria Ocampo,Angélica Ocampo,1963-12-13,1963-12-13,"Hotel de La Trémoille, Paris, France","Rodriguez Peña 1960, Buenos Aires, Argentina","""Hotel de la Trémoille"" letterhead with blue ink",handwritten,"Malraux, Madeleine (Malraux), Mme. de Gaulle, Wladi D'Ormesson, Miguel Ocampo, Suzanne TézenasBatallion, Pasteur Vallery-Radot, Perroux, Francine Camus",6,also addressed to Francisca (Pancha) Ocampo,Princeton University
Victoria Ocampo,Angélica Ocampo,1963-12-18,1963-12-18,"Paris, France","Rodriguez Peña 1960, Buenos Aires, Argentina",light blue paper (thin - smaller size - about half the size of the 8.5 x 11 size); blue ink,handwritten,"Mme. de Gaulle, Boulez, Huyghe, Maurice Chevalier, Malraux, Perón",8,"also addressed to Fryda and Victoria's ""queridas hermanas""",Princeton University
Victoria Ocampo,Angélica Ocampo,1963-12-19,,"Paris, France",,light blue paper (thin - larger size (8.5 x 11)); blue ink,handwritten,"Le Corbusier, Malraux, Etiemble, Maurice Génévoix",2,,Princeton University
Victoria Ocampo,Angélica Ocampo,1963-12-20,,"Paris, France",,,,"Vallery Radot, de Gaulle, Le Corbusier, Malraux",,also addressed to Francisca (Pancha) Ocampo,Princeton University
Victoria Ocampo,Angélica Ocampo,1963-12-30,1963-12-30,"Park Lane Hotel, London, United Kingdom","Rodriguez Peña 1960, Buenos Aires, Argentina","""Park Lane Hotel"" letterhead; blue ink",handwritten,"Louis Les Amants Malle, T. E. Lawrence, Drieu, Val Anderson, Gisèle",8,also addressed to Francisca (Pancha) Ocampo and Fryda,Princeton University
Victoria Ocampo,Angélica Ocampo,1964-01-04,,"Park Lane Hotel, London, United Kingdom",,,,"Lawrence (Arnold?), Moura Budberg, H. G. Wells, María Luisa Bastos",,,Princeton University
Victoria Ocampo,Fryda Schultz de Mantovani,1972-12-12,,"Park Lane Hotel, London, United Kingdom",,Park Lane Hotel stationery; blue ink,handwritten,"Mrs. Brenchley, Mr. John Guest (editor of Longman), Mr. Sandes, Mme. Jean Cottier, A. W. Lawrence, Julian Huxley, the Honorable H. A. Hankey, Mr L. Sayers, Mrs. J. D. Fowelles, Quentin Bell, Croom-Johnson, Lord John Kerr, Sylvia Marlowe, Fryda, Garzón Valdez",7,"mentions going to Sothebys; went to a bad opereta; something about not being paid for a collection of SUR: ""No me pagaron los 2.000 dolares de la colección de Sur, Fryda""; Lists her British Council Arrangement list of activities;",Princeton University
Victoria Ocampo,Angélica Ocampo,1972-12-25,,"Park Lane Hotel, London, United Kingdom",,,,"Pepito Ortega y Gasset, Yvette, Perón. Madariaga, Ansermet, Graham Greene, Yvonne (novia de de Greene), Evelyn Stuart, Eugene Millington Drake, Vera Macarow, don Melitón",,"addressed to ""queridas chicas"" (sobrinas nietas Bengolea)",Princeton University
Victoria Ocampo,Roger Caillois,1939-02-24,,"Paris, France",,,,Hermann von Keyserling,,,Princeton University
Victoria Ocampo,Angélica Ocampo,1963-10-30,1963-10-31,"Waldorf-Astoria, New York City, New York","Rodriguez Peña 1960, Buenos Aires, Argentina",Pan American letterhead (blue paper); blue ink,handwritten,Fiore,1,also addressed to Pancha,Princeton University
Victoria Ocampo,Angélica Ocampo,1963-10-31,1963-11-01,"Waldorf-Astoria, New York City, New York","Rodriguez Peña 1960, Buenos Aires, Argentina",Waldorf Astoria letterhead; blue ink,handwritten,"María Luisa, T. E. Lawrence, Victoria Kent, Luisa, Pipina",4,"also addressed to Pancha, Fryda y María Luisa",Princeton University
Victoria Ocampo,Angélica Ocampo,1963-11-01,1964-11-01,"Waldorf-Astoria, New York City, New York","Rodriguez Peña 1960, Buenos Aires, Argentina",Waldorf Astoria letterhead; blue ink,handwritten,"Victoria Kent, Luisa, ",4,,Princeton University
Victoria Ocampo,Angélica Ocampo,1963-11-02,1963-11-02,"Waldorf-Astoria, New York City, New York","Rodriguez Peña 1960, Buenos Aires, Argentina",Waldorf Astoria letterhead; blue ink,handwritten,Who's Afraid of Virginia Woolf,1,,Princeton University
Victoria Ocampo,Angélica Ocampo,1963-11-03,,"Waldorf-Astoria, New York City, New York","Rodriguez Peña 1960, Buenos Aires, Argentina",Waldorf Astoria letterhead; blue ink,handwritten,"Victoria Kent, the Cranes, Gustavo Durán",1,,Princeton University
Victoria Ocampo,Angélica Ocampo,1963-11-05,,"Waldorf-Astoria, New York City, New York","Rodriguez Peña 1960, Buenos Aires, Argentina",Waldorf Astoria letterhead; blue ink,handwritten,"María Luisa, Than Van Dinh, Gustavo Durán, Mildred",2,"lunch in the United Nations; went to see ""Who's Afraid of Virginia Woolf""",Princeton University
Victoria Ocampo,Angélica Ocampo,1963-11-13,,"Waldorf-Astoria, New York City, New York",,Waldorf Astoria letterhead; blue ink,handwritten,"Rodolfo Moltedo, Mildred Adams, ""el jucio y el embajador"", Garrett, Dutton",1,second edition of 338171 entered will enter into print soon (Dutton); perhaps Garrett is the translator for this work at Dutton?; letter sent c/o Dr. Rodolfo Moltedo,Princeton University
Victoria Ocampo,Angélica Ocampo,1963-11-14,1963-11-14,"Waldorf-Astoria, New York City, New York","Rodriguez Peña 1960, Buenos Aires, Argentina",Waldorf Astoria letterhead; blue ink,handwritten,"Stevenson, Anita Loos, Aldous (Huxley), Cranes, Mildred Bliss, Josephina",1,,Princeton University
Victoria Ocampo,Angélica Ocampo,1963-11-17,,,,"Cunard Line, R. M. S. Queen Mary letterhead; black ink",handwritten,Aldous (Huxley),2,mentions that the only thing she is doing on board the Queen Mary is reading abook by Aldous,Princeton University
Victoria Ocampo,Angélica Ocampo,1962-06-14,,,,"""On Board the Royal Mail Liner"" letterhead; blue ink",handwritten,,1,,Princeton University
Victoria Ocampo,Angélica Ocampo,1962-06-26,,,"Rodriguez Peña 1960, Buenos Aires, Argentina","""On Board the Royal Mail Liner"" letterhead; blue ink",handwritten,"Carlos Alberto P. y de Borlenghi, Pepe Bianco",5,"""...y no me gustaría ser académica, porque no soy nada académica""",Princeton University
Victoria Ocampo,Angélica Ocampo,1962-06-28,1962-06-28,"Hotel de la Trémoille, Paris, France","Rodriguez Peña 1960, Buenos Aires, Argentina","""Hotel de la Tremoille"" letterhead; creme-colored paper with blue ink",handwritten,"Marta, Roger Caillois, Soledad Ortega",6,also addressed to Pancha Ocampo,Princeton University
Victoria Ocampo,Angélica Ocampo,1962-06-30,1962-06-30,"Hotel de la Trémoille, Paris, France","Rodriguez Peña 1960, Buenos Aires, Argentina","""Hotel de la Tremoille"" letterhead; creme-colored paper with blue ink",handwritten,"Laura Bolin, Yvette, Blaise Allan (Alain), Picón Salas, Arnold (Lawrence), Paulhan, los Manolos, Soledad Ortega, Malraux",4,,Princeton University
Victoria Ocampo,Angélica Ocampo,1962-07-02,,"Paris, France","Rodriguez Peña 1960, Buenos Aires, Argentina",white paper with blue ink,handwritten,"Malraux, Léger, Debussy, Ravel, Yvette, Vita Sackville-West, Ricardo Baeza, Miguel Ocampo, Elvira, Julita, Marta Mosquera, Arnold Lawrence, T. E. Lawrence",4,,Princeton University
Victoria Ocampo,Angélica Ocampo,1962-07-19,,"Paris, France","Rodriguez Peña 1960, Buenos Aires, Argentina",light blue paper (slightly thicker than tissue paper); blue ink,handwritten,"Roger Caillois, Paulhan, Elena Paz, Marta Mosquera, Pepe Bianco, Adolfo Bioy Casares, Miguel Ocampo, Ansermet, Elmhirst, Arnaud, María Luisa, Yvette, Sammy Oliver, Léger, Tota",7,"Victoria gave the letter to Alberto de Zavalía to hand-deliver to Angélica, et al. ; ""Me ha mandado...un vertido verde (!) para la noche. Pero de un verde maravilloso. Tengo un poco de miedo de parecer un árbol""; also addressed to Pancha Ocampo, Fryda",Princeton University
Victoria Ocampo,Angélica Ocampo,1962-07-05,1962-07-05,"Hotel de la Trémoille, Paris, France","Rodriguez Peña 1960, Buenos Aires, Argentina",creme-colored tissue-thin paper with blue ink,handwritten,"Vita Sackville-West, Picón Salas, el hijo de Baeza, Francine Camus, Jean Camus (hijo), Catherine Camus, de Gaulle, Julita, Yvette, Sammy Oliver, Léger, María Rosa Oliver",4,,Princeton University
Victoria Ocampo,Angélica Ocampo,1962-07-12,,"Paris, France","Rodriguez Peña 1960, Buenos Aires, Argentina",creme-colored thin paper with blue ink,handwritten,"Germaine, Mary Sardeu, prof. Grover, Drieu, el hijo de Julio Villarejo, Daan, Mme. Ruf, Mosquera, Malraux",8,"Describes how she adopts ""costumbres norteamericanos"" of eating early (and alone) to avoid people in Paris; prof. Grover (North American) is writing a book about Drieu and coming to Paris to consult her about him; mentions her horror upon reading Drieu's diary for the first time ",Princeton University
Victoria Ocampo,Angélica Ocampo,1962-07-17,,,"Rodriguez Peña 1960, Buenos Aires, Argentina","""on Board the Royal Mail Liner"" letterhead; blue ink",handwritten,"Vita Sackville-West, Adelina, Susan York, Perón, Anchorena, Norm Martínez, Alfarrobo",7,Mentions that she has started to write something about Vita,Princeton University
Victoria Ocampo,Angélica Ocampo,1962-07-21,1962-07-23,"Bagatelle, France","Rodriguez Peña 1960, Buenos Aires, Argentina",light blue tissue-like paper (2/3 the size of regular paper); blue ink,"handwritten, except the last page is typed","Léger, Ansermet, Elena Paz (Garro), Miguel Ocampo, Elvira, Gannon, José Luis, Ridruejo, María Luisa",9,describes how her spirit and state of health are much better outside of the city; also addressed to Pancha,Princeton University
Victoria Ocampo,Angélica Ocampo,1962-07-29,1962-07-30,"Villars-sur-Ollon, Switzerland","Rodriguez Peña 1960, Buenos Aires, Argentina",thin creme-colored paper with visible chain and wire lines; blue ink,handwritten,"Ansermet, Strawinsky, Aguirre, Kiko Bemberg",2,"staying at the Suisse Hotel Montesano (this hotel burnt down from a fire in 2008); addressed to her ""queridas hermanas""",Princeton University
Victoria Ocampo,Angélica Ocampo,1962-08-02,1962-08-02,"Hotel de la Trémoille, Paris, France","Rodriguez Peña 1960, Buenos Aires, Argentina",creme-colored paper with visible chain and wire lines; blue ink,handwritten,"Gabriel Marcel, John Caulfield, princess Castelbarco, Carmichael, prof. Zeegers (Holland), D. H. Lawrence, Gandhi, Vita Sackville-West",5,"talks about a conference that was happening in Switzerland while she was there; discussion of the numbers in Sur dedicated to Gandhi and the rights of men; mentions her article in Life that came in the mail; also addressed to Pancha Ocampo, Fryda, María Luisa",Princeton University
Victoria Ocampo,Angélica Ocampo,1962-08-07,1962-08-07,"Hotel de la Trémoille, Paris, France","Rodriguez Peña 1960, Buenos Aires, Argentina",light blue paper with blue ink,handwritten,"Yvette, Roger Caillois, Malraux, Soledad Ortega, prof. Bernard",7,"mentions how Paris is great for the intellect and art, but Buenos Aires is best for the heart",Princeton University
Victoria Ocampo,Angélica Ocampo,1962-08-10,1962-08-10,"Hotel de la Trémoille, Paris, France","Rodriguez Peña 1960, Buenos Aires, Argentina",light blue paper with blue ink,handwritten,"María Luisa, Soledad Ortega, Etiemble, Malraux, Vera, Miguel Ocampo, Janine Andrade, Marcelle Meyer, Michaux, Blaise Allan, Roger Caillois",5,also addressed to Pancha,Princeton University
Victoria Ocampo,Angélica Ocampo,1962-08-12,,"Paris, France","Rodriguez Peña 1960, Buenos Aires, Argentina",light blue paper with blue ink,handwritten,"Soledad Ortega, José Ortega y Gasset, Cocteau",4,also addressed to Pancha,Princeton University
Victoria Ocampo,Angélica Ocampo,1962-08-13,,"Paris, France","Rodriguez Peña 1960, Buenos Aires, Argentina",creme-colored paper (2/3 regular size) with visible chain and wire lines; blue ink ,handwritten,"Soledad Ortega, José Ortega y Gasset, José Ortega (hermano de Soledad), Malraux",4,discussion of relaunching the Revista de Occidente; also addressed to Pancha and Fryda,Princeton University
Soledad Ortega Spottorno,Victoria Ocampo,1962-08-13,,"Le Bourget, France","Paris, France",thicker white paper folded in half with blue ink,handwritten,Cocteau,1,,Princeton University
Victoria Ocampo,Angélica Ocampo,1962-08-14,,"Hotel de la Trémoille, Paris, France","Rodriguez Peña 1960, Buenos Aires, Argentina",light blue paper with blue ink,handwritten,"Malraux, Clara Saint, de Gaulle, Germaine, Marcelle (Meyer?), Roger, Louis Pauwels, Borges, Marís Luis, Marilyn Monroe",5,"describes how the director of the French journal, Planètè, has a great admiration for Borges, and that he is going to publish something on him soon; also addressed to Pancha and Fryda",Princeton University
Victoria Ocampo,Angélica Ocampo,1962-08-15,1962-08-15,"Hotel de la Trémoille, Paris, France","Rodriguez Peña 1960, Buenos Aires, Argentina",creme-colored paper (2/3 of the regular size); blue ink,handwritten,"Graham Greene, Soledad Ortega",2,Went to Graham Greene's apartment in Paris; also addressed to Pancha and Fryda,Princeton University
Victoria Ocampo,Angélica Ocampo,1962-08-17,,"Piccadilly, London, United Kingdom","Rodriguez Peña 1960, Buenos Aires, Argentina",Park Lane Hotel letterhead (creme-colored tissue-thin paper); blue ink,handwritten,"the Lawrences, Vera, Mosquera, Marilyn Monroe, María Luisa, Gisèle",2,also addressed to Pancha,Princeton University
Victoria Ocampo,Angélica Ocampo,1962-08-19,1962-08-19,"Park Lane Hotel, London, United Kingdom","Rodriguez Peña 1960, Buenos Aires, Argentina",Park Lane Hotel letterhead (creme-colored tissue-thin paper); blue ink,handwritten,"Arnold Lawrence, Vera",2,,Princeton University
Victoria Ocampo,Angélica Ocampo,1962-08-21,1962-08-21,"Park Lane Hotel, London, United Kingdom","Rodriguez Peña 1960, Buenos Aires, Argentina",Park Lane Hotel letterhead (creme-colored tissue-thin paper); blue ink,handwritten,"Gannon, the Lawrences, Mr. Carver, Eliot, Josephina, Vera, Olga",4,Victoria mentions how much more she enjoys London than Paris,Princeton University
Victoria Ocampo,Angélica Ocampo,1962-08-26,1962-08-26,"Park Lane Hotel, London, United Kingdom","Rodriguez Peña 1960, Buenos Aires, Argentina",light blue (smaller) paper with blue ink,handwritten,"Aldous Huxley, José Luis",4,Visit to Kew Gardens; also addressed to Pancha,Princeton University
Victoria Ocampo,Angélica Ocampo,1962-08-29,,"Park Lane Hotel, London, United Kingdom","Rodriguez Peña 1960, Buenos Aires, Argentina",Park Lane Hotel letterhead (creme-colored tissue-thin paper); blue ink,handwritten,Vera,2,Mentions her upcoming travel to New York on the Queen Mary (to stay at the Waldorf Astoria),Princeton University
Victoria Ocampo,Angélica Ocampo,1962-08-30,1962-08-31,,"Rodriguez Peña 1960, Buenos Aires, Argentina","Cunard Line, R. M. S. Queen Mary letterhead; blue ink",handwritten,"María Mosquera, Soledad Ortega, Ortega y Gasset, Miguel Ocampo, Arnold Lawrence",2,also addressed to Pancha,Princeton University
Victoria Ocampo,Angélica Ocampo,1962-09-05,1962-09-05,"Waldorf-Astoria, New York City, New York","Rodriguez Peña 1960, Buenos Aires, Argentina",Waldorf Astoria letterhead; blue ink,handwritten,"Victoria Crane, Louise Crane, Val Anderson",2,also addressed to Pancha and Fryda,Princeton University
Victoria Ocampo,Angélica Ocampo,1962-09-15,,"Bergdorf Goodman's, New York City, New York","Rodriguez Peña 1960, Buenos Aires, Argentina","""Under the Dryer at Bergdorf's"" letterhead; light pink paper with figures of women at the salon; blue ink",handwritten,"Pipina, Graham Greene, Ayala, Mildred Bliss, Mildred Adams, Valborg, the Matthews",5,Mentions Fidel Castro's revolution; also addressed to Pancha,Princeton University
Victoria Ocampo,María Rosa Oliver,1938-10-02,,,,,handwritten,"Julian Huxley, Virginia Woolf",,,Princeton University
Victoria Ocampo,María Rosa Oliver,1938-12-10,,,,,handwritten,Strawinsky,,,Princeton University
Victoria Ocampo,María Rosa Oliver,1939-01-07,,"31 rue Raynouard, Paris, France",,,handwritten,,,,Princeton University
Victoria Ocampo,María Rosa Oliver,1939-01-20,,"Paris, France",,,handwritten,"Vita Sackville-West, Mallea, Borges, Picasso",,Mentions the arrival of Vita Sackville-West to Paris (01/27/1939); went to see one of Picasso's exhibits in Paris,Princeton University
Victoria Ocampo,María Rosa Oliver,1939-02-04,,"Paris, France",,,handwritten,"Mallea, Leni Riefenstahl",,mentions receiving a letter from Mallea,Princeton University
Victoria Ocampo,María Rosa Oliver,1939-02-01,,"Paris, France",,,handwritten,"Malraux, Keyserling",,,Princeton University
Victoria Ocampo,María Rosa Oliver,1939-01-26,,"Paris, France",,,handwritten,"Victoria Kent, Mallea, Borges, Norah Lange, María Luisal Bombal",,talks about Sur (num. 50),Princeton University
Victoria Ocampo,María Rosa Oliver,1939-02-14,,"Paris, France",,,handwritten,Marañón,,,Princeton University
Victoria Ocampo,María Rosa Oliver,1939-02-01,,,,,handwritten,"Maritain, Spender, Auden, Isherwood",,"mentions how Spender, Auden, and Isherwood all want to see her",Princeton University
Victoria Ocampo,María Rosa Oliver,1938-10-13,,"Hotel Athénée, Paris, France",,"Hotel, Plaza Athénée letterhead",handwritten,"George Bernanos, Mallea, Pepe Bianco, Victoria Kent, Strawinsky, Drieu, Valentine Hugo",,,Princeton University
Victoria Ocampo,José Bianco,1951-12-18,,"Paris, France",,,handwritten,"Simone de Beauvoir, Virginia Woolf",,completely underwhelmed and unimpressed by Simone de Beauvoir,Princeton University
Victoria Ocampo,José Bianco,1946-11-21,,"Paris, France",,,handwritten,Freud,,,Princeton University
Victoria Ocampo,José Bianco,1948-01-26,,"Paris, France",,,handwritten,"Borges, Sauchey Riva, Camus, Simone de Beauvoir, A. W. Lawrence, Sartre",,,Princeton University
Victoria Ocampo,Angélica Ocampo,1963-11-22,,"Hotel de la Trémoille, Paris, France","Rodriguez Peña 1960, Buenos Aires, Argentina",Cunard Line R.M.S. Queen Mary stationery; black ink,handwritten,"Roger Caillois, Yvette, Catinon (Catinou??), los Gallimard",2,"mentions having had lunch at Roger's house and that he just won a ""premio de la paz"" for his book Belouve (??); mentions how Roger collects rocks??? (""Roger no sólo hace colección de piedras sino que las expone y escribe en los diarios sobre ellas etc.""), mentions going to see a film by Michaux about mescaline; also addressed to Fryda",Princeton University
Victoria Ocampo,Angélica Ocampo,1963-12-04,1963-12-04,"Hotel de la Trémoille, Paris, France","Rodriguez Peña 1960, Buenos Aires, Argentina",light blue paper (thin - similar size to 8.5 x 11); blue ink,handwritten,Sofía,1,"about contracts for 7 Pilares: ""Las cuestiones del contrato de 7 Pilares, me lo hallan dicho a (?¿) es un cowbat de négre dans un tunel (¿?¿?¿) - los contratos tienen que estar firmados como se debe y esa no es tarea mía. A mí me los han de presentar cuando se presenta la ocasión y he de firmarlos yo. Nadie más que yo.""",Princeton University
Victoria Ocampo,Angélica Ocampo,1963-12-14,,"Hotel de la Trémoille, Paris, France","Rodriguez Peña 1960, Buenos Aires, Argentina",light blue paper (thin - similar size to 8.5 x 11); blue ink,handwritten,"Bataillou, Perraux, Pasteur, Vallery Radot, Daan, Le Corbusier, Pía Sebastiani (¿?)",2,"Ocampo presided over a dinner at the Collège de Mauce (¿?); this letter also has a second note on the back of the first page that is dated ""15 de diciembre""",Princeton University
Victoria Ocampo,Angélica Ocampo,1963-12-21,,,,light blue paper (thin - similar size to 8.5 x 11); blue ink,handwritten,"Vallery Radot, Le Corbusier, Malraux, Etiemble",3,"mentions a trip to Spain; on the edge of the first page is a sideways note written by Ocampo: ""se me acabó el papel. Un abrazo, V""; also addressed to Pancha",Princeton University
Victoria Ocampo,Angélica Ocampo,1963-12-28,,"Hotel de la Trémoille, Paris, France","Rodriguez Peña 1960, Buenos Aires, Argentina",light blue paper (thin - small size); blue ink,handwritten,"Julita, Germaine, Ravel, Fauré, Yvette, Jean Drieu, Tzara (¿?¿?¿)",7,also addressed to Pancha and Fryda,Princeton University
Victoria Ocampo,Angélica Ocampo,1964-12-04,1964-01-03,"Park Lane Hotel, London, United Kingdom","Rodriguez Peña 1960, Buenos Aires, Argentina",Park Lane Hotel stationery; blue ink,handwritten,"Lawrence (Arnold?), Enrique (Amorim? Larreta? Pezzoni?), Boet, Maurra Budsery (Russian friend of H.G. Wells ¿?), Miss Parkinson, María Luisa",3,"the envelope with this letter is stamped ""3 Jan 1964"", yet the top of this letter says ""4 de Diciembre 1964""; mentions she went to see a ""pieza de Boet""; mentions buying a book by Gielgud (for María Luisa and mailing it to her); went to an exhibit of Goya",Princeton University
Victoria Ocampo,Francisca (Pancha) Ocampo,1966-08-25,1966-08-25,"Hotel de la Trémoille, Paris, France","Rodriguez Peña 1960, Buenos Aires, Argentina",plain white paper (identical to 8.5 x 11 printer paper); blue ink,handwritten,"Roger, Soledad, Victor Bossart (Zurich), Arnold (Lawrence), Elmhirst, Vera Mocatov (secretary of Millington Drake), Alberto Prando",2,"mentions that she is haivng her hair dried (i.e. in a Salon while writing this letter); mentions a film with Sofia Loren and Gregory Peck; went to a bookstore to check out a book on stone statues from the Middle Ages; mentions an upcoming trip to London (on Air France), where she will stay at Park Lane; she has several invitations while in London",Princeton University
Victoria Ocampo,Angélica Ocampo,1972-07-08,,"Versailles, France",,tissue thin white paper; black ink,typed,"Debussy, Malraux, Valéry",1,"Mentions that she has just seen a ""Son et Lumiere""",Princeton University
Victoria Ocampo,Angélica Ocampo,1972-10-20,1972-10-20,"820 Fifth Avenue, New York City, New York","Viamonte 494, Buenos Aires, Argentina",white paper with visible chain and wire lines; red address in the center at the top of the page; blue ink,handwritten,"Yvonne, María Sanchez Gomez, Tito",1,"Marvels of the telephone: ""Acabo de hablar por teléfono y parece increíble que uno esté lejos cuando se puede comunicar tan bien""; c/o Miss L. Crane (her address); address sent to is the Revista Sur offices",Princeton University
Victoria Ocampo,Angélica Ocampo,1971-11-16,1971-11-16,"820 Fifth Avenue, New York City, New York","Rodriguez Peña 1960, Buenos Aires, Argentina",white paper with visible chain and wire lines; red address in the center at the top of the page; blue ink,handwritten,"Tito, Fryda, Gloria Steinam, Helen Hector, Pegy Rockefeller (mujer de David), Roger",1,"wants to mail an issue of Sur (about women) to Gloria Steinam (""Ms. Magazine, 370 Lexington Avenue, New York, NY 10017""); discussion of the difference between ""Miss"" and ""Ms.""; also wants this same issue mailed to Helen Hector (""Readers Digest, Pleasantville, New York, NY 10570""); conversation about where to get more funding for SUR (with Gloria and Yvonne): ""Espontaneamente. Nunca habían visto la revista y estaban encantadas""",Princeton University
Victoria Ocampo,Angélica Ocampo,1972-12-17,1972-12-18,"Park Lane Hotel, London, United Kingdom","Viamonte 494, Buenos Aires, Argentina","""Claridge's"" Stationery; small, thick blue paper with ""Claridge's"" in blue cursive in the top center of the page; blue ink",handwritten,Yvette (and her children),3,"visit to Kew Gardens; once again mentions the problem of paper: ""No me han traido más papel (estoy en el comedor)""; mentions her hatred of the cities: ""Las ciudades me ahogan totalmente""; mentions her desire to go to the British Museum",Princeton University
Victoria Ocampo,Angélica Ocampo,1972-12-25,,"Park Lane Hotel, London, United Kingdom",,Park Lane Hotel stationery; blue ink,handwritten,"los Ortega (Pepito y su mujer), Yvette, Madariaga, Ansermet, Graham Greene, Yvonne (""girlfriend"" de Greene), Evelyn Stuart (secretaria del pobre don Melitón, o Mandrake), Vera Macarov",3,"mentions Franco's dictatorship -- according to Pepito Ortega -- is worse than Perón's; mentions how expensive the paper is that she is writing on (for mailing): ""este papel es muy 'expensive'""; addressed to ""queridas chicas""",Princeton University
Victoria Ocampo,Angélica Ocampo,1973-06-07,,"Hotel de la Trémoille, Paris, France","Rodriguez Peña 1960, Buenos Aires, Argentina",plain white paper (identical to 8.5 x 11 printer paper); blue ink,handwritten,"Obligado, Neruda, René Maheu, Malraux, Roger Caillois, Sylvia Molloy, Gudela Bismark, Starhenberg, Nora Gregor, Cosima, Brunilda, Emmanuel de Sieyès (François de Veynes, León Regis = pseudonyms)",4,"discusses meeting with representatives from the ""Conseil Généneral"": ""Resumen: Los representantes de México, Chile pusieron reparos. Pidieron aclaraciones sobre el programa, quisieron darle largas al asunto. Según Obligado porque México no ve con placer que en otro país de habla española se establezca un centro que no hay aún en ninguna nación del contnente hispanoamericano""; mentions the support she receives from India (""cien por ciento (como siempre)""); mentions a sum of 25,000 dollars for upkeep at Villa Ocampo and Villa Victoria; also addressed to Fryda",Princeton University
Victoria Ocampo,Angélica Ocampo,1973-07-06,,"Versailles, France",,thin white paper (identical to 8.5 x 11 paper); blue ink,handwritten,,2,also addressed to Maria Luisa and Fryda,Princeton University
Victoria Ocampo,Angélica Ocampo,1973-06-16,,,,postcard,handwritten,Jorita,1,"""En este paraíso terrenal, lleno de maravillosaos árboles, y polanses (?¿) y agua y una preciosa casa""",Princeton University
Victoria Ocampo,"Enrique Pezzoni (""Enrique Tejedor"")",1973-07-20,,"London, United Kingdom","Viamonte 494, Buenos Aires, Argentina","postcard (bright purple with an image of a train that says ""Just when I was getting used to Yesterday...Along came today""); blue ink",handwritten,,1,"""tengo mucho que contarte""",Princeton University
Victoria Ocampo,Alberto Mario Salas,1973-07-20,,"London, United Kingdom",,"postcard (bright green with a border of the translation of ""hello!"" in various languages; in the center of the border it reads: ""Consider yourself greeted""); blue ink",handwritten,,1,"just contains the name of Alberto Salas and ""Cariños, V""",Princeton University
Victoria Ocampo,Fryda Schultz de Mantovani,1973-07-20,,"[London, United Kingdom]",,"postcart (bright orange with ""Please live as long as possible -- I prefer a world with you in it""); blue ink",handwritten,,1,"Financial problems with Sur: ""¿Por qué decís que tengo plata para la revista? No la tengo. Por eso no sale como antes.""; grateful for all of the help her friends have given her (with regard to the journal); mentions she is no longer as able as she used to be (for publishing?): ""Pero la verdad es que yo ya no tengo manera de hacer lo que hacía antes""",Princeton University
Victoria Ocampo,Angélica Ocampo,1973-06-28,,"Bayreuth, Germany",,light blue paper (thin with visible chain and wire lines); blue ink,handwritten,"Dohms (¿?), Wolfgang Wagner (nieto), Siegfried (Winifried), Hitler",12,"visit to Wagner's home (Wahnfried); switches ink in the middle of the letter: ""se me acabó  la tinta de mi Schaefer - esta que uso es imposible""; describes a play she went to see; discussion of familial problems with the Wagners (esp. over his last will and testament); mentions going to Munich the following day to see ""algún castillo de Ludwig"" (Neuschwanstein); also addressed to Fryda",Princeton University
Victoria Ocampo,Angélica Ocampo,1973-08-02,,"Hotel de la Trémoille, Paris, France",,"""Hotel de la Trémoille"" stationery; blue ink",handwritten,"Sigfried, María, Silvia",9,"Angélica's bronchitis; mentions the birth of a child (of a woman named María) and the ""casamiento civil"" of this same woman the day before (!!!); mentions how she wrote Angélica a very long letter in Germany, but that she never sent it because it might serve well as an ARTICLE: ""Te escribí una larga [carta] de Alemania - Pero no la mandé porque pensé que podía servirme para un artículo""",Princeton University
Victoria Ocampo,Angélica Ocampo,1973-08-09,,"Hotel de la Trémoille, Paris, France",,"""Hotel de la Trémoille"" stationery; black ink",handwritten,"Daan, María, Mimi",1,"It seems that the baby is named ""Florencia"" - Mimi will be the madrina",Princeton University
Victoria Ocampo,Angélica Ocampo,1973-08-10,,"Bagatelle, France",,"light blue, thick paper (8.5. x 11), folded; black ink",handwritten,"Alain Malraux, Sylvia Molloy, André Malraux, Victoria Kent, Silvina Bullrich",1,"""He llegado aquí, para respirar, pero no hay aire""; thinking about going to Nice on the 19th of August; mentions wanting to see an exhibit (""de S-Paul de Vence""); also addressed to Fryda",Princeton University
Victoria Ocampo,Angélica Ocampo,1973-08-12,,"Paris, France",,light blue paper; blue ink,handwritten,"Mimi, Yvette, Silvina, Roger",5,"Victoria is complaining again about how badly the heat affects her and how there is no air conditioning anywhere in Paris; mentions that she is going to go to Bagatelle to ""walk a bit""; also addressed to Fryda",Princeton University
Victoria Ocampo,Angélica Ocampo,1973-08-13,,"Bagatelle, France",,light blue paper; blue ink,handwritten,"Fryda, Soledad, Roger, Camus ",6,"mentions how the day prior she went to three different theatres to see three different films; ""Como verás, París o está agradable y no sé lo que daría (literalmente) por estar en Mar del Plata""; ""Neuschvanstein es un poco Walt Disney""; ""Voy a escribir un artículo para La Nación...que se titulará De Bagatelle a Neuschvanstein""",Princeton University
Victoria Ocampo,Angélica Ocampo,1973-01-01,,"Paris, France",,white paper (smaller) with blue ink,handwritten,"Obligado, Tito Olivere, Los Bioy, ",5,"discussion of a necessary inventory: ""No quiereo (y se lo dije a Obligado) que toquen mis papeles - Estos no quedaran en V. Ocampo""; discussion of what will happen to various paintings of their family (Mama Clara, Tata Ocampo, etc.); Victoria didn't to get in the middle of things so she didn't ask for any of the paintings for Villa Ocampo; ""pienso hacer algo en alguna universidad de U.S.A. con las cartas. Pero no quiero a[un decirlo, ni siquiera a Obligado""; also addressed to Fryda",Princeton University
Victoria Ocampo,Angélica Ocampo,1975-01-16,,"New York, New York",,white paper with black ink,typed,"Louise, Valentine Huge, Ravel, Fryda, Rosita Bengolea",1,"mentions writing an article on Equus (by Sahffer); went to see Sherlock Holmes: ""Decile a Rosita Bengolea que he pensado que Lupi podría hacer un excelente Sherlock Holmes (teatro). Si le interesa, me gustaría comprar los derechos enseguida""; on the back of the letter -- in blue ink (handwritten) -- Ocampo writes: ""The Royal Shakespeare Compnay con John Wood de Sherlock ¡ojo! ¡qué cast!""",Princeton University
Victoria Ocampo,Angélica Ocampo,1975-02-21,,"Paris, France",,light blue paper with blue ink,handwritten,"María Louisa Bombal, Manolo Jiménez (ex secretario de Julián Huxley), Madeleine Malraux, Ortega",3,"3 physical pieces of paper, but written on both sides of the page = 5 pages of text; Madeleine le da una invitación a un concierto esta noche; also addressed to Fryda",Princeton University
Victoria Ocampo,Angélica Ocampo,1975-02-26,,"Hotel de la Trémoille, Paris, France",,Hotel de la Tremoille letterhead (white paper with blue letterhead) ; blue ink,handwritten,"Susan Sontag, Edguardo Cozarinsky, Soledad (Ortega)",1,discussion of North American P.E.N.; describes Sontag as a North American writer; Sontag asked Cozarinsky to introduce the two of them; Sontag had wanted to meet Ocampo for some time...; also addressed to Fryda,Princeton University
Victoria Ocampo,Angélica Ocampo,1975-03-01,,"Paris, France",,plain white paper (identical to 8.5 x 11 printer paper); black ink,handwritten,"Soledad Ortega, Françoise Giroud, Noailles, Michaux, Roger Caillois",1,"Ocampo notes that she has to go to London ""tomorrow"" (i.e. March 2, 1975): ""quiero estar allí una semana y volver para tomar el avión el 18""; Michaux visited her the day before (Feb. 28?); she's currently at the hair salon while writing this letter (!): ""Estoy en la peluquería, y no me han dado más que 1 hoja"" (explanation of why this letter is only one page); also addressed to Fryda",Princeton University
Victoria Ocampo,Angélica Ocampo,1975-03-08,1975-03-09,"Park Lane Hotel, London, United Kingdom","Rodriguez Peña 1960, Buenos Aires, Argentina",Park Lane Hotel stationery; blue ink,handwritten,"Yvette, Edmonde Charles-Roux, Gabrielle Chanel",5,"mentions her visit to the ""nueva casa"" of the British Council the day before; mentions seeing ""Peter Pan"" (by Barrie): ""'What every woman knows' Empieza en el año 1905 y se siente tal simpatía hacia la mujer y hacia sus modestas...reclamaciones que tengo ganas de traducirla""; mentions two books stores she will visit to find a copy (Hatchards (near Piccadilly) and Fayles); currently reading about Gabrielle Chanel in L'irríguliere de Edmonde Charles-Roux; mentions the ""invasión japonesa"" in London...; discussion of China's rules about only having 2 children and Mao; also addressed to Fryda",Princeton University
Victoria Ocampo,Angélica Ocampo,1975-03-13,1975-03-13,"Park Lane Hotel, London, United Kingdom","Rodriguez Peña 1960, Buenos Aires, Argentina","White paper with a black and white sketch of London scenery (big ben, london bridge, etc.) in the upper right-hand corner of the page; blue-black ink",handwritten,"The Lawrences, Samy Oliver",1,"mentions she will be leaving tomorrow morning (i.e. 03/14/1975) for Heathrow to travel to Paris; joy of being in London: ""cuando estoy en Londrés me olvido de todo lo que quería hacer, tal es la felicidad de estar en esta ciudad""",Princeton University
Victoria Ocampo,Angélica Ocampo,1975-03-14,,"Paris, France",,thin cornflower blue paper with blue ink,handwritten,"Soledad Ortega, Madeleine Malraux, George Balanchine, Ravel  ",1,deciding what to do about travel; Soledad offered her place in Madrid; Madeleine her place in New York; mentions how close she feels to Madeleine; also addressed to Fryda,Princeton University
Victoria Ocampo,Angélica Ocampo,1975-03-16,,"Hotel de la Trémoille, Paris, France",,Hotel de la Tremoille letterhead (white paper with blue letterhead) ; blue ink,handwritten,"Benoite Groult, Alain Malraux",7,"mentions reading Groult's book Ainsi soit-elle; compares Islamic men to ""unos verdaderos cerdos sin conpostura""; mentions the death of Onasis; cites passages from her book at length; mentions the publication of an article of hers about Argentina; mentions her desire to go to Nice for 2 days; also mentions someone named ""Cado de Rubenstein (¿?) and Florence""; also addressed to Fryda",Princeton University
Victoria Ocampo,Angélica Ocampo,1975-03-25,1975-03-25,,"Rodriguez Peña 1960, Buenos Aires, Argentina","Telegram (""Servicio Telegráfico Internacional"")",typed,,1,"relays her flight information to Angélica: ""Llego Vuelo Iberia 9931 Miércoles 26 hora 21,55""",Princeton University
Victoria Ocampo,Angélica Ocampo,1975-10-14,1975-10-14,"Waldorf-Astoria, New York New York","Rodriguez Peña 1960, Buenos Aires, Argentina",thin white paper with blue ink,handwritten,,2,,Princeton University
Victoria Ocampo,Sylvia Beach,1946-02-09,1946-02-09,,"7 rue de L'Odéon, Paris, France","small rectangular calling card of Victoria Ocampo; creme-colored, thick cardstock with ""Victoria Ocampo"" written in all caps in the center (in black)",handwritten (with the typed addition of Victoria's name),,1,"a short note to Sylvia on her calling card; on the reverse of the card, Sylvia has written ""got lovely green scarf from Victoria. Feb. 9 46""",Princeton University
Carlos Reyles,Adrienne Monnier,1936-03-02,,,"7 rue de L'Odéon, Paris, France",SUR letterhead (thin creme-colored paper); black ink,typed and signed by Reyles ,Victoria Ocampo,1,official payment for perhaps books that Ocampo purchased from Shakespeare & Co.,Princeton University